"SimHei";14;False;False;0;1;1;1
32;430;715;10;21;10;0
33;573;738;3;21;10;3
34;412;738;6;21;10;2
35;772;715;9;21;10;0
36;783;715;9;21;10;0
37;794;715;9;21;10;0
38;538;715;10;21;10;0
39;548;738;3;21;10;3
40;501;738;5;21;10;4
41;494;738;5;21;10;0
42;526;715;10;21;10;0
43;805;715;9;21;10;0
44;583;738;3;21;10;1
45;816;715;9;21;10;0
46;553;738;3;21;10;1
47;827;715;9;21;10;0
48;838;715;9;21;10;0
49;508;738;5;21;10;1
50;849;715;9;21;10;0
51;860;715;9;21;10;0
52;502;715;10;21;10;0
53;871;715;9;21;10;0
54;490;715;10;21;10;0
55;882;715;9;21;10;0
56;893;715;9;21;10;0
57;904;715;9;21;10;0
58;538;738;3;21;10;3
59;533;738;3;21;10;3
60;915;715;9;21;10;0
61;926;715;9;21;10;0
62;937;715;9;21;10;0
63;948;715;9;21;10;0
64;959;715;9;21;10;0
65;454;715;10;21;10;0
66;750;715;9;21;10;0
67;761;715;9;21;10;0
68;981;715;9;21;10;0
69;347;738;8;21;10;1
70;673;715;9;21;10;0
71;585;715;9;21;10;0
72;607;715;9;21;10;0
73;558;738;3;21;10;3
74;618;715;9;21;10;0
75;466;715;10;21;10;0
76;640;715;9;21;10;0
77;728;715;9;21;10;0
78;662;715;9;21;10;0
79;651;715;9;21;10;0
80;739;715;9;21;10;0
81;684;715;9;21;10;0
82;695;715;9;21;10;0
83;706;715;9;21;10;0
84;717;715;9;21;10;0
85;574;715;9;21;10;0
86;562;715;10;21;10;0
87;550;715;10;21;10;0
88;1003;715;9;21;10;0
89;629;715;9;21;10;0
90;596;715;9;21;10;0
91;436;738;6;21;10;3
92;970;715;9;21;10;0
93;428;738;6;21;10;0
94;327;738;8;21;10;1
95;442;715;10;21;10;0
96;473;738;5;21;10;2
97;2;738;9;21;10;0
98;244;738;9;21;10;0
99;222;738;9;21;10;0
100;211;738;9;21;10;0
101;189;738;9;21;10;0
102;178;738;9;21;10;0
103;167;738;9;21;10;0
104;337;738;8;21;10;1
105;563;738;3;21;10;3
106;444;738;6;21;10;1
107;377;738;8;21;10;1
108;543;738;3;21;10;3
109;478;715;10;21;10;0
110;367;738;8;21;10;1
111;90;738;9;21;10;0
112;79;738;9;21;10;0
113;68;738;9;21;10;0
114;387;738;7;21;10;1
115;357;738;8;21;10;1
116;24;738;9;21;10;0
117;317;738;8;21;10;1
118;13;738;9;21;10;0
119;514;715;10;21;10;0
120;266;738;9;21;10;0
121;134;738;9;21;10;0
122;287;738;8;21;10;1
123;459;738;5;21;10;4
124;578;738;3;21;10;3
125;466;738;5;21;10;1
126;307;738;8;21;10;1
164;363;623;17;21;19;1
167;35;738;9;21;19;5
168;417;715;11;21;19;4
176;487;738;5;21;19;2
177;327;715;14;21;19;2
183;568;738;3;21;19;8
215;389;715;13;21;19;3
224;46;738;9;21;10;0
225;57;738;9;21;10;0
232;101;738;9;21;10;0
233;112;738;9;21;10;0
234;123;738;9;21;10;0
236;452;738;5;21;10;1
237;521;738;4;21;10;3
242;145;738;9;21;10;0
243;255;738;9;21;10;0
247;343;715;14;21;19;2
249;156;738;9;21;10;0
250;200;738;9;21;10;0
252;233;738;9;21;10;0
8220;277;738;8;21;19;10
8221;297;738;8;21;19;1
8230;925;692;16;21;19;1
12289;480;738;5;21;19;2
12290;420;738;6;21;19;2
19968;802;577;17;21;19;1
19971;902;439;18;21;19;0
19977;97;600;17;21;19;1
19978;962;439;18;21;19;1
19979;553;600;17;21;19;1
19981;1002;439;18;21;19;0
19982;515;600;17;21;19;1
19987;496;600;17;21;19;1
19988;2;462;18;21;19;1
19990;82;462;18;21;19;0
19994;506;301;19;21;19;0
19995;268;600;17;21;19;1
19996;192;600;17;21;19;1
19997;262;462;18;21;19;0
20002;135;600;17;21;19;1
20004;116;600;17;21;19;1
20010;443;301;19;21;19;0
20013;73;715;15;21;19;2
20016;401;301;19;21;19;0
20026;838;623;17;21;19;1
20027;439;692;17;21;19;1
20029;716;301;19;21;19;0
20030;737;301;19;21;19;0
20037;362;462;18;21;19;1
20040;758;301;19;21;19;0
20043;382;462;18;21;19;1
20044;705;692;17;21;19;1
20046;154;692;17;21;19;1
20048;743;669;17;21;19;1
20063;842;439;18;21;19;1
20064;124;715;15;21;19;2
20070;724;669;17;21;19;1
20080;686;669;17;21;19;1
20081;802;439;18;21;19;1
20102;175;715;15;21;19;2
20104;262;439;18;21;19;0
20105;322;439;18;21;19;1
20107;819;669;17;21;19;1
20108;59;692;17;21;19;1
20110;402;439;18;21;19;0
20114;422;439;18;21;19;0
20116;895;669;17;21;19;1
20117;779;301;19;21;19;0
20123;781;669;17;21;19;1
20129;86;324;19;21;19;0
20132;914;669;17;21;19;1
20135;602;439;18;21;19;0
20139;642;439;18;21;19;1
20142;682;439;18;21;19;1
20146;515;669;17;21;19;1
20154;702;439;18;21;19;1
20155;992;715;9;21;19;0
20160;905;278;19;21;19;0
20161;762;439;18;21;19;0
20165;695;347;19;21;19;0
20167;863;278;19;21;19;0
20170;842;278;19;21;19;0
20171;800;278;19;21;19;0
20173;716;278;19;21;19;0
20174;695;278;19;21;19;0
20182;674;278;19;21;19;0
20184;262;485;18;21;19;0
20195;653;278;19;21;19;0
20196;758;278;19;21;19;0
20197;382;485;18;21;19;1
20202;947;278;19;21;19;0
20204;402;485;18;21;19;0
20214;989;278;19;21;19;0
20215;296;301;19;21;19;0
20219;462;485;18;21;19;0
20221;275;301;19;21;19;0
20239;254;301;19;21;19;0
20241;233;301;19;21;19;0
20247;515;692;17;21;19;1
20248;212;301;19;21;19;0
20249;191;301;19;21;19;0
20250;170;301;19;21;19;0
20255;742;462;18;21;19;0
20256;482;462;18;21;19;0
20260;502;462;18;21;19;0
20272;542;462;18;21;19;0
20276;562;462;18;21;19;0
20280;582;462;18;21;19;0
20284;149;301;19;21;19;0
20294;128;301;19;21;19;0
20301;107;301;19;21;19;0
20302;86;301;19;21;19;0
20303;65;301;19;21;19;0
20307;44;301;19;21;19;0
20309;23;301;19;21;19;0
20313;2;301;19;21;19;0
20316;682;462;18;21;19;0
20320;338;301;19;21;19;0
20339;842;462;18;21;19;0
20351;128;324;19;21;19;0
20356;149;324;19;21;19;0
20363;882;462;18;21;19;0
20379;902;462;18;21;19;0
20387;922;462;18;21;19;0
20390;233;347;19;21;19;0
20391;942;462;18;21;19;0
20405;212;347;19;21;19;0
20415;191;347;19;21;19;0
20419;982;462;18;21;19;0
20445;170;347;19;21;19;0
20449;149;347;19;21;19;0
20462;128;347;19;21;19;0
20498;2;485;18;21;19;0
20505;86;347;19;21;19;0
20518;44;347;19;21;19;0
20540;2;347;19;21;19;0
20542;989;324;19;21;19;0
20551;968;324;19;21;19;0
20570;947;324;19;21;19;0
20572;254;347;19;21;19;0
20598;182;416;18;21;19;0
20599;296;347;19;21;19;0
20608;653;347;19;21;19;0
20613;632;347;19;21;19;0
20648;611;347;19;21;19;0
20658;590;347;19;21;19;0
20667;569;347;19;21;19;0
20687;502;393;18;21;19;0
20711;582;393;18;21;19;0
20769;702;393;18;21;19;0
20799;485;347;19;21;19;0
20801;952;623;17;21;19;1
20803;842;393;18;21;19;1
20804;443;347;19;21;19;0
20805;282;416;18;21;19;1
20808;990;623;17;21;19;1
20809;422;347;19;21;19;0
20811;2;646;17;21;19;1
20813;842;416;18;21;19;1
20820;401;347;19;21;19;0
20837;380;347;19;21;19;0
20840;359;347;19;21;19;0
20843;338;347;19;21;19;0
20844;926;324;19;21;19;0
20851;97;646;17;21;19;1
20852;62;439;18;21;19;0
20853;82;439;18;21;19;1
20854;142;439;18;21;19;0
20855;154;646;17;21;19;1
20856;762;416;18;21;19;1
20859;722;416;18;21;19;0
20869;629;646;17;21;19;1
20877;863;324;19;21;19;0
20882;38;715;16;21;19;2
20891;116;669;17;21;19;1
20892;482;416;18;21;19;0
20896;502;416;18;21;19;0
20908;443;324;19;21;19;0
20912;422;324;19;21;19;0
20914;602;416;18;21;19;0
20915;401;324;19;21;19;0
20917;380;324;19;21;19;0
20919;359;324;19;21;19;0
20923;338;324;19;21;19;0
20928;464;324;19;21;19;0
20934;322;416;18;21;19;0
20937;702;416;18;21;19;0
20943;275;324;19;21;19;0
20960;254;324;19;21;19;0
20961;233;324;19;21;19;0
20982;306;669;17;21;19;1
20986;243;715;15;21;19;2
20987;212;324;19;21;19;0
20998;82;416;18;21;19;1
20999;1002;393;18;21;19;0
21010;962;393;18;21;19;0
21015;922;393;18;21;19;0
21017;902;393;18;21;19;0
21018;401;669;17;21;19;1
21019;59;669;17;21;19;0
21033;182;439;18;21;19;0
21035;802;393;18;21;19;0
21040;582;416;18;21;19;0
21046;562;416;18;21;19;0
21050;542;416;18;21;19;0
21051;821;324;19;21;19;0
21066;40;669;17;21;19;1
21069;800;324;19;21;19;0
21097;702;485;18;21;19;0
21103;667;646;17;21;19;1
21147;686;646;17;21;19;1
21150;779;324;19;21;19;0
21151;922;416;18;21;19;0
21152;724;646;17;21;19;0
21153;822;416;18;21;19;1
21155;802;416;18;21;19;1
21160;742;393;18;21;19;0
21161;642;393;18;21;19;0
21162;762;646;17;21;19;1
21163;758;324;19;21;19;0
21169;542;393;18;21;19;0
21170;22;416;18;21;19;0
21171;895;646;17;21;19;1
21183;695;324;19;21;19;0
21191;162;416;18;21;19;0
21215;674;324;19;21;19;0
21253;611;324;19;21;19;0
21270;569;324;19;21;19;0
21271;884;278;19;21;19;0
21273;716;347;19;21;19;0
21280;572;669;17;21;19;1
21306;990;646;17;21;19;1
21313;548;324;19;21;19;0
21319;590;324;19;21;19;0
21320;952;646;17;21;19;1
21322;742;554;18;21;19;0
21326;632;324;19;21;19;0
21327;653;324;19;21;19;0
21329;762;554;18;21;19;1
21333;914;646;17;21;19;1
21334;876;646;17;21;19;1
21340;404;715;11;21;19;7
21344;857;646;17;21;19;2
21345;716;324;19;21;19;0
21355;737;324;19;21;19;0
21360;817;692;16;21;19;1
21361;822;554;18;21;19;0
21363;800;646;17;21;19;1
21364;902;554;18;21;19;0
21367;942;554;18;21;19;1
21368;743;646;17;21;19;1
21381;962;554;18;21;19;0
21382;705;646;17;21;19;0
21385;1002;554;18;21;19;0
21387;22;577;18;21;19;0
21388;819;646;17;21;19;1
21407;42;577;18;21;19;0
21410;82;577;18;21;19;0
21414;842;324;19;21;19;0
21416;527;324;19;21;19;0
21435;506;324;19;21;19;0
21442;485;324;19;21;19;0
21448;296;324;19;21;19;0
21449;170;324;19;21;19;0
21450;191;324;19;21;19;0
21451;662;554;18;21;19;0
21452;622;554;18;21;19;1
21453;142;554;18;21;19;0
21457;242;554;18;21;19;0
21462;342;554;18;21;19;1
21463;287;669;17;21;19;1
21464;268;669;17;21;19;1
21467;382;554;18;21;19;1
21475;226;715;15;21;19;2
21476;317;324;19;21;19;0
21477;442;554;18;21;19;0
21478;997;692;16;21;19;1
21482;192;669;17;21;19;1
21483;2;715;16;21;19;1
21484;173;669;17;21;19;0
21487;154;669;17;21;19;1
21488;135;669;17;21;19;1
21490;884;324;19;21;19;0
21495;135;646;17;21;19;1
21497;582;577;18;21;19;1
21507;682;577;18;21;19;1
21508;242;577;18;21;19;0
21512;905;324;19;21;19;0
21516;59;646;17;21;19;1
21517;21;646;17;21;19;0
21518;762;577;18;21;19;0
21521;20;715;16;21;19;2
21523;464;347;19;21;19;0
21527;971;623;17;21;19;1
21534;506;347;19;21;19;0
21542;527;347;19;21;19;0
21543;22;554;18;21;19;1
21547;548;347;19;21;19;0
21548;342;508;18;21;19;1
21551;914;623;17;21;19;0
21560;382;508;18;21;19;1
21561;402;508;18;21;19;1
21564;422;508;18;21;19;1
21566;442;508;18;21;19;1
21568;317;347;19;21;19;0
21571;482;508;18;21;19;1
21574;502;508;18;21;19;0
21578;876;623;17;21;19;1
21589;522;508;18;21;19;1
21592;857;623;17;21;19;1
21602;173;646;17;21;19;1
21608;192;646;17;21;19;0
21619;842;508;18;21;19;1
21621;622;508;18;21;19;1
21624;682;508;18;21;19;1
21628;23;347;19;21;19;0
21629;65;347;19;21;19;0
21632;722;508;18;21;19;1
21644;762;508;18;21;19;0
21650;107;347;19;21;19;0
21676;782;508;18;21;19;1
21697;458;646;17;21;19;1
21703;62;554;18;21;19;1
21704;302;508;18;21;19;1
21709;591;646;17;21;19;1
21710;562;508;18;21;19;1
21714;282;508;18;21;19;1
21733;458;669;17;21;19;1
21734;982;485;18;21;19;1
21736;742;485;18;21;19;1
21738;762;485;18;21;19;1
21741;363;646;17;21;19;1
21756;782;485;18;21;19;1
21769;822;485;18;21;19;1
21780;107;324;19;21;19;0
21796;842;485;18;21;19;1
21806;268;646;17;21;19;1
21807;882;485;18;21;19;1
21830;249;646;17;21;19;1
21834;962;485;18;21;19;1
21862;82;508;18;21;19;1
21890;542;531;18;21;19;1
21891;968;278;19;21;19;0
21892;582;531;18;21;19;0
21908;642;531;18;21;19;0
21916;632;278;19;21;19;0
21917;722;531;18;21;19;1
21943;742;531;18;21;19;1
21981;762;531;18;21;19;0
21992;822;531;18;21;19;1
21996;842;531;18;21;19;1
21999;862;531;18;21;19;1
22040;882;531;18;21;19;1
22068;553;692;17;21;19;1
22070;534;692;17;21;19;1
22075;477;692;17;21;19;1
22079;737;278;19;21;19;0
22114;779;278;19;21;19;0
22120;926;278;19;21;19;0
22124;922;531;18;21;19;1
22204;821;278;19;21;19;0
22235;135;692;17;21;19;1
22238;107;715;15;21;19;2
22240;705;669;17;21;19;1
22242;667;669;17;21;19;1
22244;648;669;17;21;19;1
22253;762;669;17;21;19;1
22256;553;669;17;21;19;1
22260;534;669;17;21;19;1
22269;800;669;17;21;19;1
22270;78;692;17;21;19;1
22278;97;692;17;21;19;1
22303;317;301;19;21;19;0
22307;462;531;18;21;19;1
22312;442;531;18;21;19;0
22320;359;301;19;21;19;0
22330;142;531;18;21;19;0
22351;380;301;19;21;19;0
22352;857;669;17;21;19;1
22353;800;301;19;21;19;0
22359;821;301;19;21;19;0
22362;982;508;18;21;19;1
22363;1002;508;18;21;19;0
22402;2;531;18;21;19;0
22411;42;531;18;21;19;1
22418;842;301;19;21;19;0
22446;863;301;19;21;19;0
22478;884;301;19;21;19;0
22495;905;301;19;21;19;0
22521;926;301;19;21;19;0
22522;947;301;19;21;19;0
22530;122;531;18;21;19;1
22534;968;301;19;21;19;0
22549;989;301;19;21;19;0
22561;202;531;18;21;19;0
22581;2;324;19;21;19;0
22612;23;324;19;21;19;0
22635;242;531;18;21;19;0
22675;44;324;19;21;19;0
22681;65;324;19;21;19;0
22686;302;531;18;21;19;0
22696;724;692;17;21;19;1
22721;322;531;18;21;19;0
22763;192;692;17;21;19;1
22766;362;531;18;21;19;0
22768;402;531;18;21;19;0
22788;527;301;19;21;19;0
22791;422;301;19;21;19;0
22797;464;301;19;21;19;0
22806;485;301;19;21;19;0
22810;249;600;17;21;19;1
22815;262;531;18;21;19;0
22823;222;531;18;21;19;0
22825;548;301;19;21;19;0
22826;695;301;19;21;19;0
22827;569;301;19;21;19;0
22830;590;301;19;21;19;0
22833;477;600;17;21;19;1
22836;82;531;18;21;19;1
22841;534;600;17;21;19;1
22842;22;531;18;21;19;0
22855;611;301;19;21;19;0
22859;632;301;19;21;19;0
22868;674;301;19;21;19;0
22870;922;508;18;21;19;1
22871;674;347;19;21;19;0
22899;21;600;17;21;19;1
22902;482;531;18;21;19;1
22905;233;393;19;21;19;0
22909;212;393;19;21;19;0
22914;1002;531;18;21;19;0
22930;622;531;18;21;19;0
22937;44;393;19;21;19;0
22982;23;393;19;21;19;0
22987;2;393;19;21;19;0
22992;968;370;19;21;19;0
23041;947;370;19;21;19;0
23043;926;370;19;21;19;0
23241;905;370;19;21;19;0
23273;863;370;19;21;19;0
23376;262;508;18;21;19;1
23380;275;393;19;21;19;0
23383;249;623;17;21;19;1
23384;202;508;18;21;19;0
23385;380;393;19;21;19;0
23396;317;393;19;21;19;0
23398;211;623;17;21;19;1
23401;989;370;19;21;19;0
23425;705;600;17;21;19;1
23427;781;600;17;21;19;1
23429;800;600;17;21;19;1
23431;838;600;17;21;19;1
23432;876;600;17;21;19;1
23433;914;600;17;21;19;1
23436;62;508;18;21;19;0
23449;990;600;17;21;19;1
23450;2;508;18;21;19;0
23452;65;370;19;21;19;0
23453;40;623;17;21;19;1
23454;116;623;17;21;19;1
23458;2;370;19;21;19;0
23459;942;485;18;21;19;1
23460;667;623;17;21;19;1
23467;382;623;17;21;19;1
23475;344;623;17;21;19;1
23478;842;347;19;21;19;0
23481;821;347;19;21;19;0
23485;542;508;18;21;19;1
23494;779;347;19;21;19;0
23506;275;370;19;21;19;0
23519;78;600;17;21;19;1
23544;572;600;17;21;19;1
23545;716;370;19;21;19;0
23547;173;600;17;21;19;1
23548;322;554;18;21;19;1
23551;674;370;19;21;19;0
23553;653;370;19;21;19;0
23556;611;370;19;21;19;0
23558;569;370;19;21;19;0
23562;82;554;18;21;19;1
23567;154;600;17;21;19;1
23569;782;577;18;21;19;0
23574;422;370;19;21;19;0
23581;306;600;17;21;19;1
23588;322;577;18;21;19;1
23596;338;370;19;21;19;0
23601;317;370;19;21;19;0
23604;296;370;19;21;19;0
23610;296;393;19;21;19;0
23613;282;577;18;21;19;0
23614;502;577;18;21;19;0
23616;622;577;18;21;19;0
23617;758;370;19;21;19;0
23618;542;554;18;21;19;0
23621;482;554;18;21;19;0
23626;192;623;17;21;19;0
23631;402;554;18;21;19;0
23637;262;554;18;21;19;0
23646;222;554;18;21;19;0
23665;458;623;17;21;19;1
23679;128;370;19;21;19;0
23700;149;370;19;21;19;0
23707;591;600;17;21;19;1
23721;882;554;18;21;19;0
23736;782;554;18;21;19;0
23769;107;393;19;21;19;0
23782;128;393;19;21;19;0
23789;149;393;19;21;19;0
23792;702;554;18;21;19;1
23803;122;439;18;21;19;1
23830;722;485;18;21;19;0
23849;682;554;18;21;19;0
23869;569;278;19;21;19;0
24005;989;232;19;21;19;0
24034;233;94;19;21;19;0
24037;212;94;19;21;19;0
24038;722;554;18;21;19;0
24039;191;94;19;21;19;0
24040;799;692;16;21;19;2
24043;211;600;17;21;19;1
24046;802;554;18;21;19;0
24049;835;692;16;21;19;2
24050;325;600;17;21;19;1
24052;382;600;17;21;19;2
24065;401;600;17;21;19;1
24066;842;554;18;21;19;0
24067;862;554;18;21;19;0
24072;170;94;19;21;19;0
24076;149;94;19;21;19;0
24080;982;554;18;21;19;1
24102;878;577;17;21;19;1
24109;2;577;18;21;19;0
24110;59;600;17;21;19;1
24120;859;577;17;21;19;1
24125;268;623;17;21;19;1
24178;420;623;17;21;19;1
24179;439;623;17;21;19;1
24180;128;94;19;21;19;0
24182;107;94;19;21;19;0
24184;86;94;19;21;19;0
24189;553;623;17;21;19;1
24191;182;554;18;21;19;0
24196;202;554;18;21;19;0
24198;65;94;19;21;19;0
24202;44;94;19;21;19;0
24207;282;554;18;21;19;0
24211;302;554;18;21;19;0
24212;362;554;18;21;19;0
24213;23;94;19;21;19;0
24215;857;600;17;21;19;1
24222;2;94;19;21;19;0
24223;462;554;18;21;19;0
24230;989;71;19;21;19;0
24231;522;554;18;21;19;0
24237;968;71;19;21;19;0
24266;922;554;18;21;19;0
24310;947;71;19;21;19;0
24314;254;94;19;21;19;0
24320;173;623;17;21;19;1
24322;154;623;17;21;19;1
24323;662;577;18;21;19;0
24324;705;623;17;21;19;1
24330;296;94;19;21;19;0
24335;442;577;18;21;19;1
24341;192;715;15;21;19;2
24351;402;577;18;21;19;0
24352;342;577;18;21;19;1
24367;653;94;19;21;19;0
24369;477;623;17;21;19;1
24377;642;577;18;21;19;1
24378;262;577;18;21;19;1
24403;141;715;15;21;19;2
24405;317;94;19;21;19;0
24418;632;94;19;21;19;0
24425;611;94;19;21;19;0
24433;590;94;19;21;19;0
24443;522;577;18;21;19;0
24448;422;577;18;21;19;0
24449;569;94;19;21;19;0
24452;548;94;19;21;19;0
24453;527;94;19;21;19;0
24456;506;94;19;21;19;0
24466;485;94;19;21;19;0
24471;464;94;19;21;19;0
24490;443;94;19;21;19;0
24494;422;94;19;21;19;0
24515;401;94;19;21;19;0
24517;380;94;19;21;19;0
24527;359;94;19;21;19;0
24535;338;94;19;21;19;0
24536;926;71;19;21;19;0
24537;362;508;18;21;19;0
24544;905;71;19;21;19;0
24555;884;71;19;21;19;0
24565;863;71;19;21;19;0
24573;629;600;17;21;19;1
24576;443;71;19;21;19;0
24577;422;71;19;21;19;0
24590;40;600;17;21;19;1
24594;602;508;18;21;19;1
24597;642;508;18;21;19;0
24598;401;71;19;21;19;0
24605;380;71;19;21;19;0
24613;359;71;19;21;19;0
24615;662;508;18;21;19;0
24618;338;71;19;21;19;0
24635;496;623;17;21;19;1
24656;742;508;18;21;19;1
24658;464;71;19;21;19;0
24661;862;485;18;21;19;1
24674;317;71;19;21;19;0
24681;275;71;19;21;19;0
24685;254;71;19;21;19;0
24687;233;71;19;21;19;0
24691;212;71;19;21;19;0
24694;2;623;17;21;19;1
24713;191;71;19;21;19;0
24717;170;71;19;21;19;0
24724;296;71;19;21;19;0
24744;485;71;19;21;19;0
24748;506;71;19;21;19;0
24773;527;71;19;21;19;0
24778;842;71;19;21;19;0
24785;122;508;18;21;19;1
24796;821;71;19;21;19;0
24800;800;71;19;21;19;0
24807;779;71;19;21;19;0
24819;758;71;19;21;19;0
24847;737;71;19;21;19;0
24858;716;71;19;21;19;0
24863;695;71;19;21;19;0
24868;674;71;19;21;19;0
24895;653;71;19;21;19;0
24904;743;623;17;21;19;1
24930;632;71;19;21;19;0
24935;611;71;19;21;19;0
24936;590;71;19;21;19;0
24949;569;71;19;21;19;0
24951;548;71;19;21;19;0
24971;275;94;19;21;19;0
25022;674;94;19;21;19;0
25042;862;508;18;21;19;0
25103;695;94;19;21;19;0
25104;716;94;19;21;19;0
25105;902;508;18;21;19;1
25106;522;531;18;21;19;1
25110;562;531;18;21;19;1
25112;602;531;18;21;19;1
25139;821;117;19;21;19;0
25151;662;531;18;21;19;0
25152;802;531;18;21;19;0
25153;902;531;18;21;19;0
25159;962;531;18;21;19;0
25163;982;531;18;21;19;1
25165;287;623;17;21;19;1
25166;800;117;19;21;19;0
25169;779;117;19;21;19;0
25171;758;117;19;21;19;0
25172;737;117;19;21;19;0
25176;716;117;19;21;19;0
25191;695;117;19;21;19;0
25193;674;117;19;21;19;0
25197;653;117;19;21;19;0
25200;942;508;18;21;19;0
25214;962;508;18;21;19;0
25215;632;117;19;21;19;0
25216;611;117;19;21;19;0
25226;590;117;19;21;19;0
25235;569;117;19;21;19;0
25237;548;117;19;21;19;0
25239;527;117;19;21;19;0
25240;422;531;18;21;19;0
25243;842;117;19;21;19;0
25250;884;117;19;21;19;0
25252;182;531;18;21;19;0
25253;233;140;19;21;19;0
25259;905;117;19;21;19;0
25260;212;140;19;21;19;0
25265;191;140;19;21;19;0
25269;170;140;19;21;19;0
25277;342;531;18;21;19;0
25285;149;140;19;21;19;0
25289;128;140;19;21;19;0
25305;382;531;18;21;19;0
25307;222;577;18;21;19;0
25308;107;140;19;21;19;0
25317;822;508;18;21;19;0
25321;590;278;19;21;19;0
25324;65;140;19;21;19;0
25327;44;140;19;21;19;0
25331;23;140;19;21;19;0
25340;2;140;19;21;19;0
25342;989;117;19;21;19;0
25343;968;117;19;21;19;0
25345;947;117;19;21;19;0
25346;926;117;19;21;19;0
25351;282;531;18;21;19;0
25353;506;117;19;21;19;0
25358;863;117;19;21;19;0
25361;485;117;19;21;19;0
25366;65;117;19;21;19;0
25370;23;117;19;21;19;0
25377;162;531;18;21;19;0
25379;2;117;19;21;19;0
25380;989;94;19;21;19;0
25384;968;94;19;21;19;0
25391;947;94;19;21;19;0
25442;926;94;19;21;19;0
25454;905;94;19;21;19;0
25480;102;531;18;21;19;0
25481;884;94;19;21;19;0
25484;591;669;17;21;19;1
25490;863;94;19;21;19;0
25496;62;531;18;21;19;0
25504;842;94;19;21;19;0
25506;821;94;19;21;19;0
25509;800;94;19;21;19;0
25511;779;94;19;21;19;0
25512;758;94;19;21;19;0
25527;737;94;19;21;19;0
25549;44;117;19;21;19;0
25552;86;117;19;21;19;0
25588;443;117;19;21;19;0
25615;107;117;19;21;19;0
25630;422;117;19;21;19;0
25644;401;117;19;21;19;0
25658;380;117;19;21;19;0
25671;359;117;19;21;19;0
25674;338;117;19;21;19;0
25703;317;117;19;21;19;0
25705;296;117;19;21;19;0
25720;275;117;19;21;19;0
25745;2;554;18;21;19;0
25758;254;117;19;21;19;0
25764;233;117;19;21;19;0
25794;212;117;19;21;19;0
25797;191;117;19;21;19;0
25805;170;117;19;21;19;0
25856;149;117;19;21;19;0
25903;116;692;17;21;19;1
25910;128;117;19;21;19;0
25913;942;531;18;21;19;1
25915;149;71;19;21;19;0
25918;464;117;19;21;19;0
25919;128;71;19;21;19;0
25925;317;48;19;21;19;0
25928;86;25;19;21;19;0
25932;2;2;19;21;19;0
25935;44;25;19;21;19;0
25937;23;25;19;21;19;0
25945;2;25;19;21;19;0
25954;989;2;19;21;19;0
25955;968;2;19;21;19;0
25968;782;531;18;21;19;0
25972;947;2;19;21;19;0
25991;926;2;19;21;19;0
26001;905;2;19;21;19;0
26007;702;531;18;21;19;1
26009;884;2;19;21;19;0
26029;682;531;18;21;19;1
26032;863;2;19;21;19;0
26041;610;692;17;21;19;1
26045;842;2;19;21;19;0
26049;648;692;17;21;19;1
26053;821;2;19;21;19;0
26063;800;2;19;21;19;0
26080;686;692;17;21;19;1
26082;502;531;18;21;19;1
26085;374;715;13;21;19;3
26086;882;508;18;21;19;1
26087;943;692;16;21;19;2
26089;743;692;17;21;19;1
26102;222;508;18;21;19;1
26118;629;692;17;21;19;2
26126;458;692;17;21;19;1
26127;173;692;17;21;19;1
26131;907;692;16;21;19;1
26143;182;508;18;21;19;0
26159;162;508;18;21;19;1
26165;142;508;18;21;19;1
26174;211;692;17;21;19;1
26179;230;692;17;21;19;1
26197;249;692;17;21;19;1
26202;102;508;18;21;19;1
26222;107;25;19;21;19;0
26223;325;692;17;21;19;1
26230;344;692;17;21;19;1
26234;363;692;17;21;19;1
26242;382;692;17;21;19;1
26263;42;508;18;21;19;1
26292;22;508;18;21;19;0
26354;401;692;17;21;19;1
26356;420;692;17;21;19;1
26366;889;692;16;21;19;1
26368;610;669;17;21;19;1
26376;158;715;15;21;19;1
26377;242;508;18;21;19;0
26379;1002;485;18;21;19;0
26381;149;25;19;21;19;0
26391;439;669;17;21;19;1
26395;21;669;17;21;19;1
26397;922;485;18;21;19;0
26399;902;485;18;21;19;0
26406;506;25;19;21;19;0
26410;170;25;19;21;19;0
26412;485;25;19;21;19;0
26415;464;25;19;21;19;0
26426;443;25;19;21;19;0
26429;422;25;19;21;19;0
26432;802;485;18;21;19;1
26435;401;25;19;21;19;0
26438;380;25;19;21;19;0
26448;359;25;19;21;19;0
26449;338;25;19;21;19;0
26463;317;25;19;21;19;0
26465;296;25;19;21;19;0
26469;275;25;19;21;19;0
26479;254;25;19;21;19;0
26480;420;646;17;21;19;1
26494;233;25;19;21;19;0
26495;212;25;19;21;19;0
26497;191;25;19;21;19;0
26500;802;508;18;21;19;0
26519;779;2;19;21;19;0
26522;758;2;19;21;19;0
26524;477;646;17;21;19;1
26538;737;2;19;21;19;0
26550;716;2;19;21;19;0
26576;296;2;19;21;19;0
26579;275;2;19;21;19;0
26580;515;646;17;21;19;1
26592;702;508;18;21;19;0
26597;254;2;19;21;19;0
26609;233;2;19;21;19;0
26623;212;2;19;21;19;0
26631;191;2;19;21;19;0
26641;582;508;18;21;19;0
26679;317;2;19;21;19;0
26681;170;2;19;21;19;0
26684;128;2;19;21;19;0
26696;107;2;19;21;19;0
26725;86;2;19;21;19;0
26729;65;2;19;21;19;0
26753;895;623;17;21;19;1
26790;44;2;19;21;19;0
26816;23;2;19;21;19;0
26825;462;508;18;21;19;0
26827;149;2;19;21;19;0
26834;338;2;19;21;19;0
26840;359;2;19;21;19;0
26862;380;2;19;21;19;0
26869;695;2;19;21;19;0
26893;674;2;19;21;19;0
26964;653;2;19;21;19;0
26970;322;508;18;21;19;0
27004;632;2;19;21;19;0
27010;611;2;19;21;19;0
27036;590;2;19;21;19;0
27048;42;554;18;21;19;0
27169;569;2;19;21;19;0
27280;548;2;19;21;19;0
27308;527;2;19;21;19;0
27424;722;577;18;21;19;1
27425;506;2;19;21;19;0
27426;742;577;18;21;19;1
27442;485;2;19;21;19;0
27465;464;2;19;21;19;0
27490;462;577;18;21;19;0
27491;78;646;17;21;19;1
27492;562;577;18;21;19;1
27493;382;577;18;21;19;1
27494;443;2;19;21;19;0
27498;482;577;18;21;19;0
27515;116;646;17;21;19;1
27530;422;2;19;21;19;0
27573;401;2;19;21;19;0
27583;128;25;19;21;19;0
27585;527;25;19;21;19;0
27597;548;25;19;21;19;0
27599;401;646;17;21;19;1
27602;362;577;18;21;19;1
27604;610;646;17;21;19;1
27605;602;577;18;21;19;1
27611;542;577;18;21;19;0
27627;78;669;17;21;19;1
27665;302;577;18;21;19;1
27667;569;25;19;21;19;0
27668;702;577;18;21;19;1
27675;674;48;19;21;19;0
27700;653;48;19;21;19;0
27704;202;577;18;21;19;1
27713;632;48;19;21;19;0
27714;582;554;18;21;19;0
27721;562;554;18;21;19;1
27785;611;48;19;21;19;0
27801;590;48;19;21;19;0
27807;502;554;18;21;19;0
27809;211;669;17;21;19;1
27833;420;669;17;21;19;1
27835;569;48;19;21;19;0
27844;548;48;19;21;19;0
27849;422;554;18;21;19;1
27861;527;48;19;21;19;0
27873;506;48;19;21;19;0
27874;485;48;19;21;19;0
27875;464;48;19;21;19;0
27880;443;48;19;21;19;0
27915;422;48;19;21;19;0
27922;162;554;18;21;19;0
27927;401;48;19;21;19;0
27934;122;554;18;21;19;0
27963;102;554;18;21;19;1
27966;602;554;18;21;19;0
27969;380;48;19;21;19;0
27979;642;554;18;21;19;0
28003;695;48;19;21;19;0
28010;737;48;19;21;19;0
28023;162;577;18;21;19;0
28040;86;71;19;21;19;0
28041;758;48;19;21;19;0
28082;65;71;19;21;19;0
28145;44;71;19;21;19;0
28151;142;577;18;21;19;0
28155;23;71;19;21;19;0
28165;122;577;18;21;19;0
28193;2;71;19;21;19;0
28212;102;577;18;21;19;0
28216;989;48;19;21;19;0
28246;62;577;18;21;19;0
28287;968;48;19;21;19;0
28291;947;48;19;21;19;0
28304;926;48;19;21;19;0
28363;905;48;19;21;19;0
28369;884;48;19;21;19;0
28378;863;48;19;21;19;0
28385;182;577;18;21;19;0
28392;842;48;19;21;19;0
28393;821;48;19;21;19;0
28418;800;48;19;21;19;0
28422;779;48;19;21;19;0
28459;359;48;19;21;19;0
28508;716;48;19;21;19;0
28608;338;48;19;21;19;0
28779;926;25;19;21;19;0
28781;884;25;19;21;19;0
28783;863;25;19;21;19;0
28784;842;25;19;21;19;0
28789;821;25;19;21;19;0
28798;933;646;17;21;19;1
28818;800;25;19;21;19;0
28846;779;25;19;21;19;0
28856;758;25;19;21;19;0
28857;737;25;19;21;19;0
28860;716;25;19;21;19;0
28865;695;25;19;21;19;0
28872;971;646;17;21;19;1
28900;674;25;19;21;19;0
28902;653;25;19;21;19;0
28903;632;25;19;21;19;0
28909;611;25;19;21;19;0
28921;477;669;17;21;19;1
28949;590;25;19;21;19;0
28982;905;25;19;21;19;0
29031;2;416;18;21;19;0
29038;947;25;19;21;19;0
29066;296;48;19;21;19;0
29087;968;25;19;21;19;0
29123;275;48;19;21;19;0
29190;254;48;19;21;19;0
29226;822;393;18;21;19;0
29228;233;48;19;21;19;0
29233;782;393;18;21;19;0
29239;212;48;19;21;19;0
29255;2;669;17;21;19;1
29260;191;48;19;21;19;0
29273;838;646;17;21;19;1
29275;622;393;18;21;19;1
29282;781;646;17;21;19;1
29289;170;48;19;21;19;0
29298;149;48;19;21;19;0
29301;662;393;18;21;19;0
29305;128;48;19;21;19;0
29306;107;48;19;21;19;0
29359;86;48;19;21;19;0
29366;65;48;19;21;19;0
29378;44;48;19;21;19;0
29392;23;48;19;21;19;0
29408;2;48;19;21;19;0
29417;102;439;18;21;19;0
29420;989;25;19;21;19;0
29421;107;71;19;21;19;0
29432;254;140;19;21;19;0
29436;275;140;19;21;19;0
29454;296;140;19;21;19;0
29467;548;232;19;21;19;0
29468;527;232;19;21;19;0
29482;506;232;19;21;19;0
29575;485;232;19;21;19;0
29579;230;669;17;21;19;1
29609;464;232;19;21;19;0
29615;443;232;19;21;19;0
29616;422;232;19;21;19;0
29645;401;232;19;21;19;0
29699;380;232;19;21;19;0
29702;359;232;19;21;19;0
29916;338;232;19;21;19;0
29926;62;416;18;21;19;1
29978;382;669;17;21;19;1
29980;317;232;19;21;19;0
29983;222;416;18;21;19;0
29992;853;692;16;21;19;1
29993;296;232;19;21;19;0
30000;277;715;15;21;19;2
30001;56;715;15;21;19;2
30002;294;715;15;21;19;2
30003;260;715;15;21;19;2
30005;882;416;18;21;19;1
30007;363;669;17;21;19;1
30011;344;669;17;21;19;1
30028;275;232;19;21;19;0
30041;325;669;17;21;19;1
30053;982;416;18;21;19;1
30095;254;232;19;21;19;0
30097;569;232;19;21;19;0
30103;611;232;19;21;19;0
30127;968;232;19;21;19;0
30140;632;232;19;21;19;0
30171;947;232;19;21;19;0
30246;926;232;19;21;19;0
30331;905;232;19;21;19;0
30333;209;715;15;21;19;2
30340;249;669;17;21;19;1
30343;622;416;18;21;19;0
30382;782;416;18;21;19;0
30410;884;232;19;21;19;0
30416;863;232;19;21;19;0
30418;842;232;19;21;19;0
30422;821;232;19;21;19;0
30423;800;232;19;21;19;0
30424;779;232;19;21;19;0
30427;758;232;19;21;19;0
30446;359;715;13;21;19;3
30452;737;232;19;21;19;0
30456;422;416;18;21;19;0
30462;402;416;18;21;19;0
30475;716;232;19;21;19;0
30495;382;416;18;21;19;1
30528;695;232;19;21;19;0
30561;97;669;17;21;19;1
30596;362;416;18;21;19;0
30631;342;416;18;21;19;1
30636;674;232;19;21;19;0
30693;648;646;17;21;19;1
30701;653;232;19;21;19;0
30702;233;232;19;21;19;0
30707;742;416;18;21;19;0
30719;590;232;19;21;19;0
30733;212;232;19;21;19;0
30740;800;209;19;21;19;0
30772;758;209;19;21;19;0
30776;737;209;19;21;19;0
30784;42;439;18;21;19;0
30828;22;439;18;21;19;0
30830;2;439;18;21;19;0
30861;716;209;19;21;19;0
30862;695;209;19;21;19;0
30896;674;209;19;21;19;0
30899;653;209;19;21;19;0
30917;632;209;19;21;19;0
30952;611;209;19;21;19;0
31034;40;646;17;21;19;1
31036;590;209;19;21;19;0
31038;569;209;19;21;19;0
31048;548;209;19;21;19;0
31062;527;209;19;21;19;0
31069;506;209;19;21;19;0
31070;302;416;18;21;19;0
31077;485;209;19;21;19;0
31080;464;209;19;21;19;0
31085;779;209;19;21;19;0
31095;821;209;19;21;19;0
31105;170;232;19;21;19;0
31119;682;393;18;21;19;0
31163;933;623;17;21;19;1
31169;842;209;19;21;19;0
31181;522;393;18;21;19;0
31185;149;232;19;21;19;0
31186;128;232;19;21;19;0
31192;107;232;19;21;19;0
31209;86;232;19;21;19;0
31215;65;232;19;21;19;0
31216;44;232;19;21;19;0
31227;23;232;19;21;19;0
31232;2;232;19;21;19;0
31243;989;209;19;21;19;0
31245;968;209;19;21;19;0
31264;102;416;18;21;19;0
31283;947;209;19;21;19;0
31348;242;416;18;21;19;1
31350;926;209;19;21;19;0
31354;982;393;18;21;19;1
31359;211;646;17;21;19;1
31361;905;209;19;21;19;0
31364;230;646;17;21;19;1
31383;572;646;17;21;19;1
31389;553;646;17;21;19;1
31435;534;646;17;21;19;1
31449;882;393;18;21;19;0
31454;884;209;19;21;19;0
31455;42;485;18;21;19;1
31471;222;439;18;21;19;0
31505;496;646;17;21;19;1
31508;863;209;19;21;19;0
31526;191;232;19;21;19;0
31528;2;255;19;21;19;0
31532;1002;462;18;21;19;0
31561;779;255;19;21;19;0
31569;23;255;19;21;19;0
31572;128;278;19;21;19;0
31616;439;646;17;21;19;1
31639;107;278;19;21;19;0
31649;86;278;19;21;19;0
31665;65;278;19;21;19;0
31735;44;278;19;21;19;0
31867;382;646;17;21;19;1
31881;23;278;19;21;19;0
31895;2;278;19;21;19;0
31896;989;255;19;21;19;0
31934;968;255;19;21;19;0
31957;947;255;19;21;19;0
31958;926;255;19;21;19;0
31967;822;462;18;21;19;0
31995;202;439;18;21;19;1
32032;344;646;17;21;19;1
32034;325;646;17;21;19;1
32039;306;646;17;21;19;1
32321;287;646;17;21;19;1
32416;782;462;18;21;19;0
32418;22;485;18;21;19;0
32423;905;255;19;21;19;0
32435;762;462;18;21;19;0
32437;722;462;18;21;19;1
32440;702;462;18;21;19;1
32447;884;255;19;21;19;0
32451;863;255;19;21;19;0
32456;842;255;19;21;19;0
32461;662;462;18;21;19;0
32463;149;278;19;21;19;0
32465;191;278;19;21;19;0
32466;548;278;19;21;19;0
32467;212;278;19;21;19;0
32473;527;278;19;21;19;0
32477;506;278;19;21;19;0
32479;485;278;19;21;19;0
32487;464;278;19;21;19;0
32493;443;278;19;21;19;0
32500;522;462;18;21;19;0
32536;422;278;19;21;19;0
32544;401;278;19;21;19;0
32622;306;692;17;21;19;1
32650;380;278;19;21;19;0
32654;287;692;17;21;19;1
32701;62;485;18;21;19;0
32709;359;278;19;21;19;0
32763;362;485;18;21;19;0
32764;82;485;18;21;19;1
32769;642;485;18;21;19;0
32771;622;485;18;21;19;0
32773;602;485;18;21;19;0
32780;582;485;18;21;19;0
32784;562;485;18;21;19;1
32791;338;278;19;21;19;0
32819;496;692;17;21;19;1
32822;542;485;18;21;19;0
32842;317;278;19;21;19;0
32852;296;278;19;21;19;0
32858;275;278;19;21;19;0
32874;254;278;19;21;19;0
32905;961;692;16;21;19;2
32908;233;278;19;21;19;0
32922;821;255;19;21;19;0
32928;442;485;18;21;19;0
32929;170;278;19;21;19;0
32933;800;255;19;21;19;0
32937;762;692;17;21;19;0
32938;422;485;18;21;19;0
32943;380;255;19;21;19;0
32946;667;692;17;21;19;1
32960;338;255;19;21;19;0
32961;317;255;19;21;19;0
32963;90;715;15;21;19;2
32972;296;255;19;21;19;0
32982;275;255;19;21;19;0
32988;302;485;18;21;19;0
32993;282;485;18;21;19;0
32999;254;255;19;21;19;0
33016;242;485;18;21;19;0
33021;572;692;17;21;19;1
33026;222;485;18;21;19;0
33030;233;255;19;21;19;0
33033;212;255;19;21;19;0
33039;202;485;18;21;19;0
33041;182;485;18;21;19;0
33050;162;485;18;21;19;0
33073;191;255;19;21;19;0
33080;170;255;19;21;19;0
33086;122;485;18;21;19;0
33100;149;255;19;21;19;0
33104;102;485;18;21;19;0
33129;462;462;18;21;19;0
33136;442;462;18;21;19;0
33151;128;255;19;21;19;0
33152;107;255;19;21;19;0
33192;86;255;19;21;19;0
33258;311;715;14;21;19;3
33267;819;623;17;21;19;1
33298;65;255;19;21;19;0
33324;44;255;19;21;19;0
33337;359;255;19;21;19;0
33351;401;255;19;21;19;0
33391;871;692;16;21;19;3
33392;758;255;19;21;19;0
33394;662;439;18;21;19;0
33402;40;692;17;21;19;1
33410;2;692;17;21;19;1
33426;422;255;19;21;19;0
33436;933;669;17;21;19;1
33457;737;255;19;21;19;0
33485;582;439;18;21;19;1
33487;716;255;19;21;19;0
33495;695;255;19;21;19;0
33510;876;669;17;21;19;1
33521;838;669;17;21;19;1
33529;674;255;19;21;19;0
33538;653;255;19;21;19;0
33539;462;439;18;21;19;1
33590;632;255;19;21;19;0
33606;971;669;17;21;19;1
33616;442;439;18;21;19;0
33618;611;255;19;21;19;0
33635;990;669;17;21;19;1
33647;590;255;19;21;19;0
33713;382;439;18;21;19;1
33719;21;692;17;21;19;1
33735;569;255;19;21;19;0
33756;548;255;19;21;19;0
33821;952;669;17;21;19;1
33829;496;669;17;21;19;1
33832;362;439;18;21;19;1
33853;527;255;19;21;19;0
33879;506;255;19;21;19;0
33905;242;439;18;21;19;1
34013;485;255;19;21;19;0
34180;629;669;17;21;19;1
34223;464;255;19;21;19;0
34255;443;255;19;21;19;0
34321;443;209;19;21;19;0
34382;422;209;19;21;19;0
34385;401;209;19;21;19;0
34394;611;186;19;21;19;0
34411;380;163;19;21;19;0
34429;591;692;17;21;19;1
34430;359;163;19;21;19;0
34503;338;163;19;21;19;0
34507;317;163;19;21;19;0
34523;296;163;19;21;19;0
34562;275;163;19;21;19;0
34567;342;462;18;21;19;0
34584;322;462;18;21;19;0
34588;268;692;17;21;19;1
34597;254;163;19;21;19;0
34612;233;163;19;21;19;0
34631;212;163;19;21;19;0
34850;191;163;19;21;19;0
34892;170;163;19;21;19;0
34900;149;163;19;21;19;0
34913;128;163;19;21;19;0
34915;107;163;19;21;19;0
34917;86;163;19;21;19;0
34920;202;462;18;21;19;1
34928;401;163;19;21;19;0
34955;230;600;17;21;19;1
34966;182;462;18;21;19;0
34987;443;163;19;21;19;0
34989;162;462;18;21;19;0
35010;800;163;19;21;19;0
35013;344;600;17;21;19;1
35199;363;600;17;21;19;1
35201;464;163;19;21;19;0
35206;22;462;18;21;19;0
35265;779;163;19;21;19;0
35266;758;163;19;21;19;0
35268;737;163;19;21;19;0
35270;716;163;19;21;19;0
35273;982;439;18;21;19;1
35282;781;692;16;21;19;1
35299;695;163;19;21;19;0
35302;674;163;19;21;19;0
35328;610;600;17;21;19;1
35465;653;163;19;21;19;0
35686;632;163;19;21;19;0
35745;611;163;19;21;19;0
35746;590;163;19;21;19;0
35748;569;163;19;21;19;0
35752;548;163;19;21;19;0
35753;935;577;17;21;19;1
35757;682;485;18;21;19;0
35758;527;163;19;21;19;0
35760;506;163;19;21;19;0
35766;485;163;19;21;19;0
35768;65;163;19;21;19;0
35770;44;163;19;21;19;0
35773;23;163;19;21;19;0
35774;2;163;19;21;19;0
35775;590;140;19;21;19;0
35776;802;462;18;21;19;1
35777;569;140;19;21;19;0
35781;548;140;19;21;19;0
35782;527;140;19;21;19;0
35785;506;140;19;21;19;0
35793;485;140;19;21;19;0
35797;611;140;19;21;19;0
35802;464;140;19;21;19;0
35805;422;140;19;21;19;0
35813;401;140;19;21;19;0
35814;380;140;19;21;19;0
35821;359;140;19;21;19;0
35823;338;140;19;21;19;0
35825;317;140;19;21;19;0
35828;942;439;18;21;19;1
35831;443;140;19;21;19;0
35834;42;462;18;21;19;0
35835;632;140;19;21;19;0
35838;653;140;19;21;19;0
35841;674;140;19;21;19;0
35843;402;462;18;21;19;0
35845;989;140;19;21;19;0
35848;968;140;19;21;19;0
35850;947;140;19;21;19;0
35851;242;462;18;21;19;1
35856;926;140;19;21;19;0
35874;686;623;17;21;19;1
35878;905;140;19;21;19;0
35884;822;439;18;21;19;1
35889;884;140;19;21;19;0
35937;863;140;19;21;19;0
35980;842;140;19;21;19;0
36127;342;439;18;21;19;0
36131;933;600;17;21;19;1
36133;821;140;19;21;19;0
36135;800;140;19;21;19;0
36136;502;439;18;21;19;0
36138;779;140;19;21;19;0
36140;758;140;19;21;19;0
36141;562;439;18;21;19;0
36148;737;140;19;21;19;0
36149;716;140;19;21;19;0
36152;952;600;17;21;19;1
36153;742;439;18;21;19;0
36164;102;462;18;21;19;1
36171;695;140;19;21;19;0
36172;422;163;19;21;19;0
36175;21;623;17;21;19;1
36182;821;163;19;21;19;0
36186;842;163;19;21;19;0
36187;863;163;19;21;19;0
36194;968;186;19;21;19;0
36208;142;485;18;21;19;1
36215;947;186;19;21;19;0
36229;926;186;19;21;19;0
36234;78;623;17;21;19;1
36259;905;186;19;21;19;0
36275;819;600;17;21;19;1
36276;884;186;19;21;19;0
36291;863;186;19;21;19;0
36299;842;186;19;21;19;0
36305;821;186;19;21;19;0
36319;800;186;19;21;19;0
36335;779;186;19;21;19;0
36339;758;186;19;21;19;0
36386;737;186;19;21;19;0
36393;716;186;19;21;19;0
36394;695;186;19;21;19;0
36424;674;186;19;21;19;0
36454;662;485;18;21;19;0
36481;989;186;19;21;19;0
36523;482;485;18;21;19;1
36530;23;209;19;21;19;0
36710;522;485;18;21;19;1
36712;380;209;19;21;19;0
36716;602;462;18;21;19;0
36718;44;209;19;21;19;0
36719;359;209;19;21;19;0
36720;338;209;19;21;19;0
36731;642;462;18;21;19;1
36739;317;209;19;21;19;0
36755;296;209;19;21;19;0
36761;275;209;19;21;19;0
36771;254;209;19;21;19;0
36776;233;209;19;21;19;0
36793;212;209;19;21;19;0
36798;191;209;19;21;19;0
36805;170;209;19;21;19;0
36807;149;209;19;21;19;0
36814;128;209;19;21;19;0
36816;42;416;18;21;19;0
36817;107;209;19;21;19;0
36820;86;209;19;21;19;0
36824;65;209;19;21;19;0
36825;202;416;18;21;19;0
36827;653;186;19;21;19;0
36828;2;209;19;21;19;0
36829;632;186;19;21;19;0
36830;212;186;19;21;19;0
36831;170;186;19;21;19;0
36855;149;186;19;21;19;0
36857;128;186;19;21;19;0
36861;107;186;19;21;19;0
36864;86;186;19;21;19;0
36865;602;393;18;21;19;0
36866;722;393;18;21;19;0
36867;762;393;18;21;19;0
36873;262;416;18;21;19;1
36880;65;186;19;21;19;0
36882;44;186;19;21;19;0
36884;23;186;19;21;19;0
36887;2;186;19;21;19;0
36890;989;163;19;21;19;0
36893;968;163;19;21;19;0
36895;947;163;19;21;19;0
36896;926;163;19;21;19;0
36920;905;163;19;21;19;0
36935;800;623;17;21;19;1
36941;884;163;19;21;19;0
36947;191;186;19;21;19;0
36951;233;186;19;21;19;0
36981;522;416;18;21;19;0
36991;590;186;19;21;19;0
37027;254;186;19;21;19;0
37030;662;416;18;21;19;1
37034;682;416;18;21;19;0
37038;515;623;17;21;19;1
37051;569;186;19;21;19;0
37096;462;416;18;21;19;1
37117;548;186;19;21;19;0
37145;527;186;19;21;19;0
37197;506;186;19;21;19;0
37202;862;416;18;21;19;0
37226;485;186;19;21;19;0
37239;862;393;18;21;19;1
37240;464;186;19;21;19;0
37266;443;186;19;21;19;0
37319;422;186;19;21;19;0
37321;642;416;18;21;19;0
37322;401;186;19;21;19;0
37324;439;600;17;21;19;1
37325;420;600;17;21;19;1
37326;380;186;19;21;19;0
37327;442;416;18;21;19;0
37329;359;186;19;21;19;0
38035;562;393;18;21;19;0
38047;482;393;18;21;19;0
38053;287;600;17;21;19;0
38062;442;393;18;21;19;0
38065;338;186;19;21;19;0
38075;122;416;18;21;19;0
38112;317;186;19;21;19;0
38145;296;186;19;21;19;0
38155;275;186;19;21;19;0
38160;86;140;19;21;19;0
38169;611;278;19;21;19;0
38190;65;25;19;21;19;0
38191;722;439;18;21;19;0
38215;653;301;19;21;19;0
38236;275;347;19;21;19;0
38271;897;577;17;21;19;1
38376;916;577;17;21;19;1
38378;979;692;16;21;19;2
38381;2;600;17;21;19;1
38382;992;577;17;21;19;1
38383;973;577;17;21;19;1
38386;954;577;17;21;19;1
38388;840;577;17;21;19;1
38391;821;577;17;21;19;1
38393;648;600;17;21;19;1
38395;781;623;17;21;19;1
38420;686;600;17;21;19;1
38431;862;439;18;21;19;1
38449;882;439;18;21;19;1
38450;922;439;18;21;19;1
38451;306;623;17;21;19;1
38452;325;623;17;21;19;1
38453;401;623;17;21;19;1
38459;62;462;18;21;19;1
38468;122;462;18;21;19;1
38469;142;462;18;21;19;1
38476;591;623;17;21;19;1
38477;222;462;18;21;19;1
38480;282;462;18;21;19;1
38491;302;462;18;21;19;1
38497;782;439;18;21;19;1
38498;282;439;18;21;19;1
38500;302;439;18;21;19;1
38505;482;439;18;21;19;1
38519;233;370;19;21;19;0
38543;522;439;18;21;19;1
38544;542;439;18;21;19;1
38548;895;600;17;21;19;1
38556;622;439;18;21;19;1
38567;422;462;18;21;19;1
38590;86;370;19;21;19;0
38596;44;370;19;21;19;0
38598;23;370;19;21;19;0
38613;821;370;19;21;19;0
38634;667;600;17;21;19;1
38656;135;623;17;21;19;1
38663;97;623;17;21;19;1
38665;59;623;17;21;19;1
38712;230;623;17;21;19;1
38738;724;623;17;21;19;1
38745;947;347;19;21;19;0
38750;648;623;17;21;19;1
38752;629;623;17;21;19;1
38754;572;623;17;21;19;1
38899;534;623;17;21;19;1
39030;926;347;19;21;19;0
39033;322;485;18;21;19;0
39034;884;347;19;21;19;0
39035;342;485;18;21;19;0
39037;800;347;19;21;19;0
39038;502;485;18;21;19;0
39039;758;347;19;21;19;0
39044;622;462;18;21;19;1
39046;737;370;19;21;19;0
39057;695;370;19;21;19;0
39063;862;462;18;21;19;0
39064;506;370;19;21;19;0
39068;464;370;19;21;19;0
39069;962;462;18;21;19;0
39118;401;370;19;21;19;0
39134;458;600;17;21;19;1
39135;380;370;19;21;19;0
39184;359;370;19;21;19;0
39269;989;347;19;21;19;0
39274;942;393;18;21;19;0
39277;443;370;19;21;19;0
39278;485;370;19;21;19;0
39280;142;416;18;21;19;0
39281;527;370;19;21;19;0
39292;548;370;19;21;19;0
39295;590;370;19;21;19;0
39302;422;393;18;21;19;0
39318;743;600;17;21;19;1
39321;762;600;17;21;19;1
39532;971;600;17;21;19;1
39535;462;393;18;21;19;0
39537;632;370;19;21;19;0
39547;962;416;18;21;19;0
39556;779;370;19;21;19;0
39564;254;370;19;21;19;0
39569;212;370;19;21;19;0
39575;902;416;18;21;19;0
39578;737;347;19;21;19;0
39592;724;600;17;21;19;1
39600;942;416;18;21;19;1
39640;762;623;17;21;19;1
39740;162;439;18;21;19;1
39746;863;347;19;21;19;0
39764;905;347;19;21;19;0
40060;610;623;17;21;19;1
40081;968;347;19;21;19;0
40092;107;370;19;21;19;0
40104;170;370;19;21;19;0
40158;191;370;19;21;19;0
40479;1002;416;18;21;19;0
40481;800;370;19;21;19;0
40511;401;393;19;21;19;0
40560;338;393;19;21;19;0
40614;359;393;19;21;19;0
40635;254;393;19;21;19;0
40644;884;370;19;21;19;0
40657;842;370;19;21;19;0
40723;65;393;19;21;19;0
40831;86;393;19;21;19;0
40857;170;393;19;21;19;0
40859;191;393;19;21;19;0
65288;404;738;6;21;19;11
65289;396;738;6;21;19;2
65292;515;738;4;21;19;2
65306;527;738;4;21;19;3
