"黑体";14;False;False;0;1;1;1
32;2;2;10;21;10;0
33;881;485;3;21;10;3
34;873;485;6;21;10;2
35;862;485;9;21;10;0
36;851;485;9;21;10;0
37;840;485;9;21;10;0
38;828;485;10;21;10;0
39;823;485;3;21;10;3
40;816;485;5;21;10;4
41;809;485;5;21;10;0
42;797;485;10;21;10;0
43;886;485;9;21;10;0
44;792;485;3;21;10;1
45;770;485;9;21;10;0
46;765;485;3;21;10;1
47;754;485;9;21;10;0
48;743;485;9;21;10;0
49;736;485;5;21;10;1
50;725;485;9;21;10;0
51;714;485;9;21;10;0
52;702;485;10;21;10;0
53;691;485;9;21;10;0
54;679;485;10;21;10;0
55;781;485;9;21;10;0
56;897;485;9;21;10;0
57;908;485;9;21;10;0
58;919;485;3;21;10;3
59;145;508;3;21;10;3
60;134;508;9;21;10;0
61;123;508;9;21;10;0
62;112;508;9;21;10;0
63;101;508;9;21;10;0
64;90;508;9;21;10;0
65;78;508;10;21;10;0
66;67;508;9;21;10;0
67;56;508;9;21;10;0
68;45;508;9;21;10;0
69;35;508;8;21;10;1
70;24;508;9;21;10;0
71;13;508;9;21;10;0
72;2;508;9;21;10;0
73;1013;485;3;21;10;3
74;1002;485;9;21;10;0
75;990;485;10;21;10;0
76;979;485;9;21;10;0
77;968;485;9;21;10;0
78;957;485;9;21;10;0
79;946;485;9;21;10;0
80;935;485;9;21;10;0
81;924;485;9;21;10;0
82;668;485;9;21;10;0
83;657;485;9;21;10;0
84;646;485;9;21;10;0
85;370;485;9;21;10;0
86;351;485;10;21;10;0
87;339;485;10;21;10;0
88;328;485;9;21;10;0
89;317;485;9;21;10;0
90;306;485;9;21;10;0
91;298;485;6;21;10;3
92;287;485;9;21;10;0
93;279;485;6;21;10;0
94;269;485;8;21;10;1
95;257;485;10;21;10;0
96;363;485;5;21;10;2
97;246;485;9;21;10;0
98;230;485;9;21;10;0
99;219;485;9;21;10;0
100;208;485;9;21;10;0
101;197;485;9;21;10;0
102;186;485;9;21;10;0
103;175;485;9;21;10;0
104;165;485;8;21;10;1
105;160;485;3;21;10;3
106;152;485;6;21;10;1
107;142;485;8;21;10;1
108;241;485;3;21;10;3
109;381;485;10;21;10;0
110;512;485;8;21;10;1
111;393;485;9;21;10;0
112;625;485;9;21;10;0
113;614;485;9;21;10;0
114;605;485;7;21;10;1
115;595;485;8;21;10;1
116;584;485;9;21;10;0
117;574;485;8;21;10;1
118;563;485;9;21;10;0
119;551;485;10;21;10;0
120;540;485;9;21;10;0
121;529;485;9;21;10;0
122;636;485;8;21;10;1
123;522;485;5;21;10;4
124;507;485;3;21;10;3
125;500;485;5;21;10;1
126;490;485;8;21;10;1
164;471;485;17;21;19;1
167;460;485;9;21;19;5
168;447;485;11;21;19;4
176;440;485;5;21;19;2
177;424;485;14;21;19;2
183;419;485;3;21;19;8
215;404;485;13;21;19;3
224;150;508;9;21;10;0
225;161;508;9;21;10;0
232;172;508;9;21;10;0
233;183;508;9;21;10;0
234;540;531;9;21;10;0
236;533;531;5;21;10;1
237;527;531;4;21;10;3
242;516;531;9;21;10;0
243;505;531;9;21;10;0
247;489;531;14;21;19;2
249;478;531;9;21;10;0
250;467;531;9;21;10;0
252;456;531;9;21;10;0
8220;446;531;8;21;19;10
8221;551;531;8;21;19;1
8230;428;531;16;21;19;1
9647;395;531;12;21;18;3
12289;388;531;5;21;19;2
12290;380;531;6;21;19;2
19968;361;531;17;21;19;1
19971;341;531;18;21;19;0
19977;322;531;17;21;19;1
19978;302;531;18;21;19;1
19979;283;531;17;21;19;1
19981;263;531;18;21;19;0
19982;244;531;17;21;19;1
19987;409;531;17;21;19;1
19988;561;531;18;21;19;1
19990;581;531;18;21;19;0
19994;601;531;19;21;19;0
19995;41;554;17;21;19;1
19996;22;554;17;21;19;1
19997;2;554;18;21;19;0
20002;993;531;17;21;19;1
20004;974;531;17;21;19;1
20010;953;531;19;21;19;0
20013;936;531;15;21;19;2
20016;915;531;19;21;19;0
20026;896;531;17;21;19;1
20027;877;531;17;21;19;1
20029;856;531;19;21;19;0
20030;835;531;19;21;19;0
20037;815;531;18;21;19;1
20040;794;531;19;21;19;0
20043;774;531;18;21;19;1
20044;755;531;17;21;19;1
20046;736;531;17;21;19;1
20048;717;531;17;21;19;1
20063;697;531;18;21;19;1
20064;680;531;15;21;19;2
20070;661;531;17;21;19;1
20080;642;531;17;21;19;1
20081;622;531;18;21;19;1
20102;227;531;15;21;19;2
20104;60;554;18;21;19;0
20105;207;531;18;21;19;1
20107;167;531;17;21;19;1
20108;611;508;17;21;19;1
20110;591;508;18;21;19;0
20114;571;508;18;21;19;0
20116;552;508;17;21;19;1
20117;531;508;19;21;19;0
20123;512;508;17;21;19;1
20129;491;508;19;21;19;0
20132;472;508;17;21;19;1
20135;452;508;18;21;19;0
20139;432;508;18;21;19;1
20142;630;508;18;21;19;1
20146;413;508;17;21;19;1
20154;372;508;18;21;19;1
20155;361;508;9;21;19;0
20160;340;508;19;21;19;0
20161;320;508;18;21;19;0
20165;299;508;19;21;19;0
20167;278;508;19;21;19;0
20170;257;508;19;21;19;0
20171;236;508;19;21;19;0
20173;215;508;19;21;19;0
20174;194;508;19;21;19;0
20182;392;508;19;21;19;0
20184;650;508;18;21;19;0
20195;670;508;19;21;19;0
20196;691;508;19;21;19;0
20197;147;531;18;21;19;1
20202;126;531;19;21;19;0
20204;106;531;18;21;19;0
20214;85;531;19;21;19;0
20215;64;531;19;21;19;0
20219;44;531;18;21;19;0
20221;23;531;19;21;19;0
20239;2;531;19;21;19;0
20241;998;508;19;21;19;0
20247;979;508;17;21;19;1
20248;958;508;19;21;19;0
20249;937;508;19;21;19;0
20250;916;508;19;21;19;0
20255;896;508;18;21;19;0
20256;876;508;18;21;19;0
20260;856;508;18;21;19;0
20272;836;508;18;21;19;0
20276;816;508;18;21;19;0
20280;796;508;18;21;19;0
20284;775;508;19;21;19;0
20294;754;508;19;21;19;0
20301;733;508;19;21;19;0
20302;712;508;19;21;19;0
20303;121;485;19;21;19;0
20307;186;531;19;21;19;0
20309;100;485;19;21;19;0
20313;39;462;19;21;19;0
20316;415;416;18;21;19;0
20320;394;416;19;21;19;0
20339;374;416;18;21;19;0
20351;353;416;19;21;19;0
20356;332;416;19;21;19;0
20363;312;416;18;21;19;0
20379;292;416;18;21;19;0
20387;272;416;18;21;19;0
20390;251;416;19;21;19;0
20391;231;416;18;21;19;0
20405;435;416;19;21;19;0
20415;210;416;19;21;19;0
20419;169;416;18;21;19;0
20445;148;416;19;21;19;0
20449;127;416;19;21;19;0
20462;106;416;19;21;19;0
20498;86;416;18;21;19;0
20505;65;416;19;21;19;0
20518;44;416;19;21;19;0
20540;23;416;19;21;19;0
20542;2;416;19;21;19;0
20551;1002;393;19;21;19;0
20570;189;416;19;21;19;0
20572;456;416;19;21;19;0
20598;477;416;18;21;19;0
20599;497;416;19;21;19;0
20608;966;416;19;21;19;0
20613;945;416;19;21;19;0
20648;924;416;19;21;19;0
20658;903;416;19;21;19;0
20667;882;416;19;21;19;0
20687;862;416;18;21;19;0
20711;842;416;18;21;19;0
20769;822;416;18;21;19;0
20799;801;416;19;21;19;0
20801;782;416;17;21;19;1
20803;762;416;18;21;19;1
20804;741;416;19;21;19;0
20805;721;416;18;21;19;1
20808;702;416;17;21;19;1
20809;681;416;19;21;19;0
20811;662;416;17;21;19;1
20813;642;416;18;21;19;1
20820;621;416;19;21;19;0
20837;600;416;19;21;19;0
20840;579;416;19;21;19;0
20843;558;416;19;21;19;0
20844;537;416;19;21;19;0
20851;518;416;17;21;19;1
20852;982;393;18;21;19;0
20853;962;393;18;21;19;1
20854;942;393;18;21;19;0
20855;425;393;17;21;19;1
20856;385;393;18;21;19;1
20859;365;393;18;21;19;0
20869;346;393;17;21;19;1
20877;325;393;19;21;19;0
20882;307;393;16;21;19;2
20891;288;393;17;21;19;1
20892;268;393;18;21;19;0
20896;248;393;18;21;19;0
20908;227;393;19;21;19;0
20912;206;393;19;21;19;0
20914;405;393;18;21;19;0
20915;185;393;19;21;19;0
20917;147;393;19;21;19;0
20919;126;393;19;21;19;0
20923;105;393;19;21;19;0
20928;84;393;19;21;19;0
20934;64;393;18;21;19;0
20937;44;393;18;21;19;0
20943;23;393;19;21;19;0
20960;2;393;19;21;19;0
20961;992;370;19;21;19;0
20982;973;370;17;21;19;1
20986;168;393;15;21;19;2
20987;444;393;19;21;19;0
20998;684;393;18;21;19;1
20999;465;393;18;21;19;0
21010;901;393;18;21;19;0
21015;881;393;18;21;19;0
21017;861;393;18;21;19;0
21018;842;393;17;21;19;1
21019;823;393;17;21;19;0
21033;803;393;18;21;19;0
21035;783;393;18;21;19;0
21040;763;393;18;21;19;0
21046;743;393;18;21;19;0
21050;723;393;18;21;19;0
21051;921;393;19;21;19;0
21066;704;393;17;21;19;1
21069;663;393;19;21;19;0
21097;643;393;18;21;19;0
21103;624;393;17;21;19;1
21147;605;393;17;21;19;1
21150;584;393;19;21;19;0
21151;564;393;18;21;19;0
21152;545;393;17;21;19;0
21153;525;393;18;21;19;1
21155;505;393;18;21;19;1
21160;485;393;18;21;19;0
21161;987;416;18;21;19;0
21162;2;439;17;21;19;1
21163;21;439;19;21;19;0
21169;42;439;18;21;19;0
21170;517;462;18;21;19;0
21171;498;462;17;21;19;1
21183;477;462;19;21;19;0
21191;457;462;18;21;19;0
21215;436;462;19;21;19;0
21253;415;462;19;21;19;0
21270;394;462;19;21;19;0
21271;373;462;19;21;19;0
21273;352;462;19;21;19;0
21280;333;462;17;21;19;1
21306;537;462;17;21;19;1
21313;312;462;19;21;19;0
21319;270;462;19;21;19;0
21320;251;462;17;21;19;1
21322;231;462;18;21;19;0
21326;210;462;19;21;19;0
21327;189;462;19;21;19;0
21329;169;462;18;21;19;1
21333;150;462;17;21;19;1
21334;131;462;17;21;19;1
21340;118;462;11;21;19;7
21344;99;462;17;21;19;2
21345;291;462;19;21;19;0
21355;556;462;19;21;19;0
21360;577;462;16;21;19;1
21361;595;462;18;21;19;0
21363;42;485;17;21;19;1
21364;22;485;18;21;19;0
21367;2;485;18;21;19;1
21368;1000;462;17;21;19;1
21381;980;462;18;21;19;0
21382;961;462;17;21;19;0
21385;941;462;18;21;19;0
21387;921;462;18;21;19;0
21388;902;462;17;21;19;1
21407;882;462;18;21;19;0
21410;862;462;18;21;19;0
21414;841;462;19;21;19;0
21416;820;462;19;21;19;0
21435;799;462;19;21;19;0
21442;778;462;19;21;19;0
21448;757;462;19;21;19;0
21449;736;462;19;21;19;0
21450;715;462;19;21;19;0
21451;695;462;18;21;19;0
21452;675;462;18;21;19;1
21453;655;462;18;21;19;0
21457;635;462;18;21;19;0
21462;615;462;18;21;19;1
21463;80;462;17;21;19;1
21464;61;485;17;21;19;1
21467;60;462;18;21;19;1
21475;22;462;15;21;19;2
21476;473;439;19;21;19;0
21477;453;439;18;21;19;0
21478;435;439;16;21;19;1
21482;416;439;17;21;19;1
21483;398;439;16;21;19;1
21484;379;439;17;21;19;0
21487;360;439;17;21;19;1
21488;341;439;17;21;19;1
21490;320;439;19;21;19;0
21495;301;439;17;21;19;1
21497;494;439;18;21;19;1
21507;281;439;18;21;19;1
21508;241;439;18;21;19;0
21512;220;439;19;21;19;0
21516;201;439;17;21;19;1
21517;182;439;17;21;19;0
21518;162;439;18;21;19;0
21521;144;439;16;21;19;2
21523;123;439;19;21;19;0
21527;104;439;17;21;19;1
21534;83;439;19;21;19;0
21542;62;439;19;21;19;0
21543;261;439;18;21;19;1
21547;514;439;19;21;19;0
21548;535;439;18;21;19;1
21551;555;439;17;21;19;0
21560;2;462;18;21;19;1
21561;993;439;18;21;19;1
21564;973;439;18;21;19;1
21566;953;439;18;21;19;1
21568;932;439;19;21;19;0
21571;912;439;18;21;19;1
21574;892;439;18;21;19;0
21578;873;439;17;21;19;1
21589;853;439;18;21;19;1
21592;834;439;17;21;19;1
21602;815;439;17;21;19;1
21608;796;439;17;21;19;0
21619;776;439;18;21;19;1
21621;756;439;18;21;19;1
21624;736;439;18;21;19;1
21628;715;439;19;21;19;0
21629;694;439;19;21;19;0
21632;674;439;18;21;19;1
21644;654;439;18;21;19;0
21650;633;439;19;21;19;0
21676;613;439;18;21;19;1
21697;594;439;17;21;19;1
21703;574;439;18;21;19;1
21704;80;485;18;21;19;1
21709;86;554;17;21;19;1
21710;375;646;18;21;19;1
21714;105;554;18;21;19;1
21733;911;669;17;21;19;1
21734;891;669;18;21;19;1
21736;871;669;18;21;19;1
21738;851;669;18;21;19;1
21741;832;669;17;21;19;1
21756;812;669;18;21;19;1
21769;792;669;18;21;19;1
21780;771;669;19;21;19;0
21796;751;669;18;21;19;1
21806;732;669;17;21;19;1
21807;930;669;18;21;19;1
21830;713;669;17;21;19;1
21834;673;669;18;21;19;1
21862;653;669;18;21;19;1
21890;633;669;18;21;19;1
21891;612;669;19;21;19;0
21892;592;669;18;21;19;0
21908;572;669;18;21;19;0
21916;551;669;19;21;19;0
21917;531;669;18;21;19;1
21943;511;669;18;21;19;1
21981;491;669;18;21;19;0
21992;693;669;18;21;19;1
21996;950;669;18;21;19;1
21999;970;669;18;21;19;1
22040;990;669;18;21;19;1
22068;433;692;17;21;19;1
22070;414;692;17;21;19;1
22075;395;692;17;21;19;1
22079;374;692;19;21;19;0
22114;353;692;19;21;19;0
22120;332;692;19;21;19;0
22124;312;692;18;21;19;1
22204;291;692;19;21;19;0
22235;272;692;17;21;19;1
22238;255;692;15;21;19;2
22240;236;692;17;21;19;1
22242;217;692;17;21;19;1
22244;198;692;17;21;19;1
22253;179;692;17;21;19;1
22256;160;692;17;21;19;1
22260;141;692;17;21;19;1
22269;122;692;17;21;19;1
22270;103;692;17;21;19;1
22278;84;692;17;21;19;1
22303;63;692;19;21;19;0
22307;43;692;18;21;19;1
22312;23;692;18;21;19;0
22320;2;692;19;21;19;0
22330;471;669;18;21;19;0
22351;450;669;19;21;19;0
22352;431;669;17;21;19;1
22353;905;646;19;21;19;0
22359;863;646;19;21;19;0
22362;843;646;18;21;19;1
22363;823;646;18;21;19;0
22402;803;646;18;21;19;0
22411;783;646;18;21;19;1
22418;762;646;19;21;19;0
22446;741;646;19;21;19;0
22478;720;646;19;21;19;0
22495;699;646;19;21;19;0
22521;678;646;19;21;19;0
22522;884;646;19;21;19;0
22530;658;646;18;21;19;1
22534;617;646;19;21;19;0
22549;596;646;19;21;19;0
22561;576;646;18;21;19;0
22581;555;646;19;21;19;0
22612;534;646;19;21;19;0
22635;514;646;18;21;19;0
22675;493;646;19;21;19;0
22681;472;646;19;21;19;0
22686;452;646;18;21;19;0
22696;433;646;17;21;19;1
22721;638;646;18;21;19;0
22763;926;646;17;21;19;1
22766;165;669;18;21;19;0
22768;945;646;18;21;19;0
22788;389;669;19;21;19;0
22791;368;669;19;21;19;0
22797;347;669;19;21;19;0
22806;326;669;19;21;19;0
22810;307;669;17;21;19;1
22815;287;669;18;21;19;0
22823;267;669;18;21;19;0
22825;246;669;19;21;19;0
22826;225;669;19;21;19;0
22827;204;669;19;21;19;0
22830;410;669;19;21;19;0
22833;185;669;17;21;19;1
22836;145;669;18;21;19;1
22841;126;669;17;21;19;1
22842;106;669;18;21;19;0
22855;85;669;19;21;19;0
22859;64;669;19;21;19;0
22868;43;669;19;21;19;0
22870;23;669;18;21;19;1
22871;2;669;19;21;19;0
22899;985;646;17;21;19;1
22902;965;646;18;21;19;1
22905;452;692;19;21;19;0
22909;473;692;19;21;19;0
22914;494;692;18;21;19;0
22930;514;692;18;21;19;0
22937;1000;715;19;21;19;0
22982;979;715;19;21;19;0
22987;958;715;19;21;19;0
22992;937;715;19;21;19;0
23041;916;715;19;21;19;0
23043;895;715;19;21;19;0
23241;874;715;19;21;19;0
23273;853;715;19;21;19;0
23376;833;715;18;21;19;1
23380;812;715;19;21;19;0
23383;2;738;17;21;19;1
23384;792;715;18;21;19;0
23385;751;715;19;21;19;0
23396;730;715;19;21;19;0
23398;711;715;17;21;19;1
23401;690;715;19;21;19;0
23425;671;715;17;21;19;1
23427;652;715;17;21;19;1
23429;633;715;17;21;19;1
23431;614;715;17;21;19;1
23432;595;715;17;21;19;1
23433;576;715;17;21;19;1
23436;772;715;18;21;19;0
23449;21;738;17;21;19;1
23450;40;738;18;21;19;0
23452;60;738;19;21;19;0
23453;523;738;17;21;19;1
23454;504;738;17;21;19;1
23458;483;738;19;21;19;0
23459;463;738;18;21;19;1
23460;444;738;17;21;19;1
23467;425;738;17;21;19;1
23475;406;738;17;21;19;1
23478;385;738;19;21;19;0
23481;364;738;19;21;19;0
23485;344;738;18;21;19;1
23494;323;738;19;21;19;0
23506;302;738;19;21;19;0
23519;283;738;17;21;19;1
23544;264;738;17;21;19;1
23545;243;738;19;21;19;0
23547;224;738;17;21;19;1
23548;204;738;18;21;19;1
23551;183;738;19;21;19;0
23553;162;738;19;21;19;0
23556;141;738;19;21;19;0
23558;120;738;19;21;19;0
23562;100;738;18;21;19;1
23567;81;738;17;21;19;1
23569;556;715;18;21;19;0
23574;542;738;19;21;19;0
23581;537;715;17;21;19;1
23588;498;715;18;21;19;1
23596;961;692;19;21;19;0
23601;940;692;19;21;19;0
23604;919;692;19;21;19;0
23610;898;692;19;21;19;0
23613;878;692;18;21;19;0
23614;858;692;18;21;19;0
23616;838;692;18;21;19;0
23617;817;692;19;21;19;0
23618;797;692;18;21;19;0
23621;777;692;18;21;19;0
23626;982;692;17;21;19;0
23631;757;692;18;21;19;0
23637;716;692;18;21;19;0
23646;696;692;18;21;19;0
23665;677;692;17;21;19;1
23679;656;692;19;21;19;0
23700;635;692;19;21;19;0
23707;616;692;17;21;19;1
23721;596;692;18;21;19;0
23736;576;692;18;21;19;0
23769;555;692;19;21;19;0
23782;534;692;19;21;19;0
23789;736;692;19;21;19;0
23792;1001;692;18;21;19;1
23803;2;715;18;21;19;1
23830;22;715;18;21;19;0
23849;478;715;18;21;19;0
23869;457;715;19;21;19;0
24005;436;715;19;21;19;0
24034;415;715;19;21;19;0
24037;394;715;19;21;19;0
24038;374;715;18;21;19;0
24039;353;715;19;21;19;0
24040;335;715;16;21;19;2
24043;316;715;17;21;19;1
24046;296;715;18;21;19;0
24049;278;715;16;21;19;2
24050;259;715;17;21;19;1
24052;240;715;17;21;19;2
24065;221;715;17;21;19;1
24066;201;715;18;21;19;0
24067;181;715;18;21;19;0
24072;160;715;19;21;19;0
24076;139;715;19;21;19;0
24080;119;715;18;21;19;1
24102;100;715;17;21;19;1
24109;80;715;18;21;19;0
24110;61;715;17;21;19;1
24120;42;715;17;21;19;1
24125;414;646;17;21;19;1
24178;518;715;17;21;19;1
24179;395;646;17;21;19;1
24180;295;623;19;21;19;0
24182;615;577;19;21;19;0
24184;594;577;19;21;19;0
24189;575;577;17;21;19;1
24191;555;577;18;21;19;0
24196;535;577;18;21;19;0
24198;514;577;19;21;19;0
24202;493;577;19;21;19;0
24207;473;577;18;21;19;0
24211;453;577;18;21;19;0
24212;433;577;18;21;19;0
24213;636;577;19;21;19;0
24215;414;577;17;21;19;1
24222;373;577;19;21;19;0
24223;353;577;18;21;19;0
24230;332;577;19;21;19;0
24231;312;577;18;21;19;0
24237;291;577;19;21;19;0
24266;271;577;18;21;19;0
24310;250;577;19;21;19;0
24314;229;577;19;21;19;0
24320;210;577;17;21;19;1
24322;191;577;17;21;19;1
24323;394;577;18;21;19;0
24324;657;577;17;21;19;1
24330;676;577;19;21;19;0
24335;697;577;18;21;19;1
24341;160;600;15;21;19;2
24351;140;600;18;21;19;0
24352;120;600;18;21;19;1
24367;99;600;19;21;19;0
24369;80;600;17;21;19;1
24377;60;600;18;21;19;1
24378;40;600;18;21;19;1
24403;23;600;15;21;19;2
24405;2;600;19;21;19;0
24418;988;577;19;21;19;0
24425;967;577;19;21;19;0
24433;946;577;19;21;19;0
24443;926;577;18;21;19;0
24448;906;577;18;21;19;0
24449;885;577;19;21;19;0
24452;864;577;19;21;19;0
24453;843;577;19;21;19;0
24456;822;577;19;21;19;0
24466;801;577;19;21;19;0
24471;780;577;19;21;19;0
24490;759;577;19;21;19;0
24494;738;577;19;21;19;0
24515;717;577;19;21;19;0
24517;170;577;19;21;19;0
24527;149;577;19;21;19;0
24535;128;577;19;21;19;0
24536;596;554;19;21;19;0
24537;555;554;18;21;19;0
24544;534;554;19;21;19;0
24555;513;554;19;21;19;0
24565;492;554;19;21;19;0
24573;473;554;17;21;19;1
24576;452;554;19;21;19;0
24577;431;554;19;21;19;0
24590;412;554;17;21;19;1
24594;392;554;18;21;19;1
24597;372;554;18;21;19;0
24598;575;554;19;21;19;0
24605;351;554;19;21;19;0
24613;309;554;19;21;19;0
24615;289;554;18;21;19;0
24618;268;554;19;21;19;0
24635;249;554;17;21;19;1
24656;229;554;18;21;19;1
24658;208;554;19;21;19;0
24661;188;554;18;21;19;1
24674;167;554;19;21;19;0
24681;146;554;19;21;19;0
24685;125;554;19;21;19;0
24687;330;554;19;21;19;0
24691;617;554;19;21;19;0
24694;867;554;17;21;19;1
24713;638;554;19;21;19;0
24717;86;577;19;21;19;0
24724;65;577;19;21;19;0
24744;44;577;19;21;19;0
24748;23;577;19;21;19;0
24773;2;577;19;21;19;0
24778;990;554;19;21;19;0
24785;970;554;18;21;19;1
24796;949;554;19;21;19;0
24800;928;554;19;21;19;0
24807;907;554;19;21;19;0
24819;107;577;19;21;19;0
24847;886;554;19;21;19;0
24858;846;554;19;21;19;0
24863;825;554;19;21;19;0
24868;804;554;19;21;19;0
24895;783;554;19;21;19;0
24904;764;554;17;21;19;1
24930;743;554;19;21;19;0
24935;722;554;19;21;19;0
24936;701;554;19;21;19;0
24949;680;554;19;21;19;0
24951;659;554;19;21;19;0
24971;177;600;19;21;19;0
25022;198;600;19;21;19;0
25042;219;600;18;21;19;0
25103;239;600;19;21;19;0
25104;787;623;19;21;19;0
25105;767;623;18;21;19;1
25106;747;623;18;21;19;1
25110;727;623;18;21;19;1
25112;707;623;18;21;19;1
25139;686;623;19;21;19;0
25151;666;623;18;21;19;0
25152;646;623;18;21;19;0
25153;626;623;18;21;19;0
25159;606;623;18;21;19;0
25163;808;623;18;21;19;1
25165;587;623;17;21;19;1
25166;545;623;19;21;19;0
25169;524;623;19;21;19;0
25171;503;623;19;21;19;0
25172;482;623;19;21;19;0
25176;461;623;19;21;19;0
25191;440;623;19;21;19;0
25193;419;623;19;21;19;0
25197;398;623;19;21;19;0
25200;378;623;18;21;19;0
25214;358;623;18;21;19;0
25215;566;623;19;21;19;0
25216;828;623;19;21;19;0
25226;849;623;19;21;19;0
25235;870;623;19;21;19;0
25237;333;646;19;21;19;0
25239;312;646;19;21;19;0
25240;292;646;18;21;19;0
25243;271;646;19;21;19;0
25250;250;646;19;21;19;0
25252;230;646;18;21;19;0
25253;209;646;19;21;19;0
25259;188;646;19;21;19;0
25260;167;646;19;21;19;0
25265;146;646;19;21;19;0
25269;125;646;19;21;19;0
25277;105;646;18;21;19;0
25285;84;646;19;21;19;0
25289;63;646;19;21;19;0
25305;43;646;18;21;19;0
25307;23;646;18;21;19;0
25308;2;646;19;21;19;0
25317;996;623;18;21;19;0
25321;975;623;19;21;19;0
25324;954;623;19;21;19;0
25327;933;623;19;21;19;0
25331;912;623;19;21;19;0
25340;891;623;19;21;19;0
25342;337;623;19;21;19;0
25343;354;646;19;21;19;0
25345;316;623;19;21;19;0
25346;274;623;19;21;19;0
25351;696;600;18;21;19;0
25353;675;600;19;21;19;0
25358;654;600;19;21;19;0
25361;633;600;19;21;19;0
25366;612;600;19;21;19;0
25370;591;600;19;21;19;0
25377;571;600;18;21;19;0
25379;550;600;19;21;19;0
25380;529;600;19;21;19;0
25384;508;600;19;21;19;0
25391;716;600;19;21;19;0
25442;487;600;19;21;19;0
25454;445;600;19;21;19;0
25480;425;600;18;21;19;0
25481;404;600;19;21;19;0
25484;385;600;17;21;19;1
25490;364;600;19;21;19;0
25496;344;600;18;21;19;0
25504;323;600;19;21;19;0
25506;302;600;19;21;19;0
25509;281;600;19;21;19;0
25511;260;600;19;21;19;0
25512;466;600;19;21;19;0
25527;737;600;19;21;19;0
25549;758;600;19;21;19;0
25552;779;600;19;21;19;0
25588;253;623;19;21;19;0
25615;232;623;19;21;19;0
25630;211;623;19;21;19;0
25644;190;623;19;21;19;0
25658;169;623;19;21;19;0
25671;148;623;19;21;19;0
25674;127;623;19;21;19;0
25703;106;623;19;21;19;0
25705;85;623;19;21;19;0
25720;64;623;19;21;19;0
25745;44;623;18;21;19;0
25758;23;623;19;21;19;0
25764;2;623;19;21;19;0
25794;986;600;19;21;19;0
25797;965;600;19;21;19;0
25805;944;600;19;21;19;0
25856;923;600;19;21;19;0
25903;904;600;17;21;19;1
25910;883;600;19;21;19;0
25913;863;600;18;21;19;1
25915;842;600;19;21;19;0
25918;821;600;19;21;19;0
25919;800;600;19;21;19;0
25925;952;370;19;21;19;0
25928;931;370;19;21;19;0
25932;910;370;19;21;19;0
25935;642;278;19;21;19;0
25937;729;117;19;21;19;0
25945;708;117;19;21;19;0
25954;687;117;19;21;19;0
25955;666;117;19;21;19;0
25968;646;117;18;21;19;0
25972;625;117;19;21;19;0
25991;604;117;19;21;19;0
26001;583;117;19;21;19;0
26007;563;117;18;21;19;1
26009;542;117;19;21;19;0
26029;750;117;18;21;19;1
26032;521;117;19;21;19;0
26041;483;117;17;21;19;1
26045;462;117;19;21;19;0
26049;443;117;17;21;19;1
26053;422;117;19;21;19;0
26063;401;117;19;21;19;0
26080;382;117;17;21;19;1
26082;362;117;18;21;19;1
26085;347;117;13;21;19;3
26086;327;117;18;21;19;1
26087;309;117;16;21;19;2
26089;502;117;17;21;19;1
26102;770;117;18;21;19;1
26118;790;117;17;21;19;2
26126;809;117;17;21;19;1
26127;235;140;17;21;19;1
26131;217;140;16;21;19;1
26143;197;140;18;21;19;0
26159;177;140;18;21;19;1
26165;157;140;18;21;19;1
26174;138;140;17;21;19;1
26179;119;140;17;21;19;1
26197;100;140;17;21;19;1
26202;80;140;18;21;19;1
26222;59;140;19;21;19;0
26223;40;140;17;21;19;1
26230;21;140;17;21;19;1
26234;2;140;17;21;19;1
26242;1000;117;17;21;19;1
26263;980;117;18;21;19;1
26292;960;117;18;21;19;0
26354;941;117;17;21;19;1
26356;922;117;17;21;19;1
26366;904;117;16;21;19;1
26368;885;117;17;21;19;1
26376;868;117;15;21;19;1
26377;848;117;18;21;19;0
26379;828;117;18;21;19;0
26381;288;117;19;21;19;0
26391;269;117;17;21;19;1
26395;250;117;17;21;19;1
26397;729;94;18;21;19;0
26399;688;94;18;21;19;0
26406;667;94;19;21;19;0
26410;646;94;19;21;19;0
26412;625;94;19;21;19;0
26415;604;94;19;21;19;0
26426;583;94;19;21;19;0
26429;562;94;19;21;19;0
26432;542;94;18;21;19;1
26435;521;94;19;21;19;0
26438;500;94;19;21;19;0
26448;708;94;19;21;19;0
26449;479;94;19;21;19;0
26463;437;94;19;21;19;0
26465;416;94;19;21;19;0
26469;395;94;19;21;19;0
26479;374;94;19;21;19;0
26480;355;94;17;21;19;1
26494;334;94;19;21;19;0
26495;313;94;19;21;19;0
26497;292;94;19;21;19;0
26500;272;94;18;21;19;0
26519;251;94;19;21;19;0
26522;458;94;19;21;19;0
26524;749;94;17;21;19;1
26538;996;94;19;21;19;0
26550;768;94;19;21;19;0
26576;208;117;19;21;19;0
26579;187;117;19;21;19;0
26580;168;117;17;21;19;1
26592;148;117;18;21;19;0
26597;127;117;19;21;19;0
26609;106;117;19;21;19;0
26623;85;117;19;21;19;0
26631;64;117;19;21;19;0
26641;44;117;18;21;19;0
26679;23;117;19;21;19;0
26681;229;117;19;21;19;0
26684;2;117;19;21;19;0
26696;975;94;19;21;19;0
26725;954;94;19;21;19;0
26729;933;94;19;21;19;0
26753;914;94;17;21;19;1
26790;893;94;19;21;19;0
26816;872;94;19;21;19;0
26825;852;94;18;21;19;0
26827;831;94;19;21;19;0
26834;810;94;19;21;19;0
26840;789;94;19;21;19;0
26862;254;140;19;21;19;0
26869;275;140;19;21;19;0
26893;296;140;19;21;19;0
26964;317;140;19;21;19;0
26970;849;163;18;21;19;0
27004;828;163;19;21;19;0
27010;807;163;19;21;19;0
27036;786;163;19;21;19;0
27048;766;163;18;21;19;0
27169;745;163;19;21;19;0
27280;724;163;19;21;19;0
27308;703;163;19;21;19;0
27424;683;163;18;21;19;1
27425;662;163;19;21;19;0
27426;869;163;18;21;19;1
27442;641;163;19;21;19;0
27465;599;163;19;21;19;0
27490;579;163;18;21;19;0
27491;560;163;17;21;19;1
27492;540;163;18;21;19;1
27493;520;163;18;21;19;1
27494;499;163;19;21;19;0
27498;479;163;18;21;19;0
27515;460;163;17;21;19;1
27530;439;163;19;21;19;0
27573;418;163;19;21;19;0
27583;620;163;19;21;19;0
27585;889;163;19;21;19;0
27597;910;163;19;21;19;0
27599;931;163;17;21;19;1
27602;385;186;18;21;19;1
27604;366;186;17;21;19;1
27605;346;186;18;21;19;1
27611;326;186;18;21;19;0
27627;307;186;17;21;19;1
27665;287;186;18;21;19;1
27667;266;186;19;21;19;0
27668;246;186;18;21;19;1
27675;225;186;19;21;19;0
27700;204;186;19;21;19;0
27704;184;186;18;21;19;1
27713;163;186;19;21;19;0
27714;143;186;18;21;19;0
27721;123;186;18;21;19;1
27785;102;186;19;21;19;0
27801;81;186;19;21;19;0
27807;61;186;18;21;19;0
27809;42;186;17;21;19;1
27833;23;186;17;21;19;1
27835;2;186;19;21;19;0
27844;991;163;19;21;19;0
27849;971;163;18;21;19;1
27861;950;163;19;21;19;0
27873;397;163;19;21;19;0
27874;405;186;19;21;19;0
27875;376;163;19;21;19;0
27880;335;163;19;21;19;0
27915;770;140;19;21;19;0
27922;750;140;18;21;19;0
27927;729;140;19;21;19;0
27934;709;140;18;21;19;0
27963;689;140;18;21;19;1
27966;669;140;18;21;19;0
27969;648;140;19;21;19;0
27979;628;140;18;21;19;0
28003;607;140;19;21;19;0
28010;586;140;19;21;19;0
28023;791;140;18;21;19;0
28040;565;140;19;21;19;0
28041;523;140;19;21;19;0
28082;502;140;19;21;19;0
28145;481;140;19;21;19;0
28151;461;140;18;21;19;0
28155;440;140;19;21;19;0
28165;420;140;18;21;19;0
28193;399;140;19;21;19;0
28212;379;140;18;21;19;0
28216;358;140;19;21;19;0
28246;338;140;18;21;19;0
28287;544;140;19;21;19;0
28291;811;140;19;21;19;0
28304;832;140;19;21;19;0
28363;853;140;19;21;19;0
28369;314;163;19;21;19;0
28378;293;163;19;21;19;0
28385;273;163;18;21;19;0
28392;252;163;19;21;19;0
28393;231;163;19;21;19;0
28418;210;163;19;21;19;0
28422;189;163;19;21;19;0
28459;168;163;19;21;19;0
28508;147;163;19;21;19;0
28608;126;163;19;21;19;0
28779;105;163;19;21;19;0
28781;84;163;19;21;19;0
28783;63;163;19;21;19;0
28784;42;163;19;21;19;0
28789;21;163;19;21;19;0
28798;2;163;17;21;19;1
28818;998;140;19;21;19;0
28846;977;140;19;21;19;0
28856;956;140;19;21;19;0
28857;935;140;19;21;19;0
28860;914;140;19;21;19;0
28865;893;140;19;21;19;0
28872;874;140;17;21;19;1
28900;230;94;19;21;19;0
28902;209;94;19;21;19;0
28903;188;94;19;21;19;0
28909;64;48;19;21;19;0
28921;470;25;17;21;19;1
28949;449;25;19;21;19;0
28982;428;25;19;21;19;0
29031;408;25;18;21;19;0
29038;387;25;19;21;19;0
29066;366;25;19;21;19;0
29087;345;25;19;21;19;0
29123;324;25;19;21;19;0
29190;303;25;19;21;19;0
29226;283;25;18;21;19;0
29228;489;25;19;21;19;0
29233;263;25;18;21;19;0
29239;221;25;19;21;19;0
29255;202;25;17;21;19;1
29260;181;25;19;21;19;0
29273;162;25;17;21;19;1
29275;142;25;18;21;19;1
29282;123;25;17;21;19;1
29289;102;25;19;21;19;0
29298;81;25;19;21;19;0
29301;61;25;18;21;19;0
29305;40;25;19;21;19;0
29306;242;25;19;21;19;0
29359;510;25;19;21;19;0
29366;531;25;19;21;19;0
29378;552;25;19;21;19;0
29392;23;48;19;21;19;0
29408;2;48;19;21;19;0
29417;988;25;18;21;19;0
29420;967;25;19;21;19;0
29421;946;25;19;21;19;0
29432;925;25;19;21;19;0
29436;904;25;19;21;19;0
29454;883;25;19;21;19;0
29467;862;25;19;21;19;0
29468;841;25;19;21;19;0
29482;820;25;19;21;19;0
29575;799;25;19;21;19;0
29579;780;25;17;21;19;1
29609;759;25;19;21;19;0
29615;738;25;19;21;19;0
29616;717;25;19;21;19;0
29645;696;25;19;21;19;0
29699;675;25;19;21;19;0
29702;654;25;19;21;19;0
29916;633;25;19;21;19;0
29926;613;25;18;21;19;1
29978;594;25;17;21;19;1
29980;573;25;19;21;19;0
29983;20;25;18;21;19;0
29992;2;25;16;21;19;1
29993;995;2;19;21;19;0
30000;469;2;15;21;19;2
30001;431;2;15;21;19;2
30002;414;2;15;21;19;2
30003;397;2;15;21;19;2
30005;377;2;18;21;19;1
30007;358;2;17;21;19;1
30011;339;2;17;21;19;1
30028;318;2;19;21;19;0
30041;299;2;17;21;19;1
30053;279;2;18;21;19;1
30095;258;2;19;21;19;0
30097;448;2;19;21;19;0
30103;237;2;19;21;19;0
30127;195;2;19;21;19;0
30140;174;2;19;21;19;0
30171;153;2;19;21;19;0
30246;132;2;19;21;19;0
30331;111;2;19;21;19;0
30333;94;2;15;21;19;2
30340;75;2;17;21;19;1
30343;55;2;18;21;19;0
30382;35;2;18;21;19;0
30410;14;2;19;21;19;0
30416;216;2;19;21;19;0
30418;486;2;19;21;19;0
30422;735;2;19;21;19;0
30423;507;2;19;21;19;0
30424;954;2;19;21;19;0
30427;933;2;19;21;19;0
30446;918;2;13;21;19;3
30452;897;2;19;21;19;0
30456;877;2;18;21;19;0
30462;857;2;18;21;19;0
30475;836;2;19;21;19;0
30495;816;2;18;21;19;1
30528;795;2;19;21;19;0
30561;776;2;17;21;19;1
30596;975;2;18;21;19;0
30631;756;2;18;21;19;1
30636;714;2;19;21;19;0
30693;695;2;17;21;19;1
30701;674;2;19;21;19;0
30702;653;2;19;21;19;0
30707;633;2;18;21;19;0
30719;612;2;19;21;19;0
30733;591;2;19;21;19;0
30740;570;2;19;21;19;0
30772;549;2;19;21;19;0
30776;528;2;19;21;19;0
30784;44;48;18;21;19;0
30828;85;48;18;21;19;0
30830;168;94;18;21;19;0
30861;105;48;19;21;19;0
30862;602;71;19;21;19;0
30896;581;71;19;21;19;0
30899;560;71;19;21;19;0
30917;539;71;19;21;19;0
30952;518;71;19;21;19;0
31034;499;71;17;21;19;1
31036;478;71;19;21;19;0
31038;457;71;19;21;19;0
31048;436;71;19;21;19;0
31062;415;71;19;21;19;0
31069;623;71;19;21;19;0
31070;395;71;18;21;19;0
31077;353;71;19;21;19;0
31080;332;71;19;21;19;0
31085;311;71;19;21;19;0
31095;290;71;19;21;19;0
31105;269;71;19;21;19;0
31119;249;71;18;21;19;0
31163;230;71;17;21;19;1
31169;209;71;19;21;19;0
31181;189;71;18;21;19;0
31185;168;71;19;21;19;0
31186;374;71;19;21;19;0
31192;644;71;19;21;19;0
31209;665;71;19;21;19;0
31215;686;71;19;21;19;0
31216;147;94;19;21;19;0
31227;126;94;19;21;19;0
31232;105;94;19;21;19;0
31243;84;94;19;21;19;0
31245;63;94;19;21;19;0
31264;43;94;18;21;19;0
31283;22;94;19;21;19;0
31348;2;94;18;21;19;1
31350;985;71;19;21;19;0
31354;965;71;18;21;19;1
31359;946;71;17;21;19;1
31361;925;71;19;21;19;0
31364;906;71;17;21;19;1
31383;887;71;17;21;19;1
31389;868;71;17;21;19;1
31435;849;71;17;21;19;1
31449;829;71;18;21;19;0
31454;808;71;19;21;19;0
31455;788;71;18;21;19;1
31471;768;71;18;21;19;0
31505;749;71;17;21;19;1
31508;728;71;19;21;19;0
31526;707;71;19;21;19;0
31528;147;71;19;21;19;0
31532;127;71;18;21;19;0
31561;106;71;19;21;19;0
31569;592;48;19;21;19;0
31572;550;48;19;21;19;0
31616;531;48;17;21;19;1
31639;510;48;19;21;19;0
31649;489;48;19;21;19;0
31665;468;48;19;21;19;0
31735;447;48;19;21;19;0
31867;428;48;17;21;19;1
31881;407;48;19;21;19;0
31895;386;48;19;21;19;0
31896;365;48;19;21;19;0
31934;571;48;19;21;19;0
31957;344;48;19;21;19;0
31958;303;48;19;21;19;0
31967;283;48;18;21;19;0
31995;263;48;18;21;19;1
32032;244;48;17;21;19;1
32034;225;48;17;21;19;1
32039;206;48;17;21;19;1
32321;187;48;17;21;19;1
32416;167;48;18;21;19;0
32418;147;48;18;21;19;0
32423;126;48;19;21;19;0
32435;324;48;18;21;19;0
32437;613;48;18;21;19;1
32440;856;48;18;21;19;1
32447;633;48;19;21;19;0
32451;64;71;19;21;19;0
32456;43;71;19;21;19;0
32461;23;71;18;21;19;0
32463;2;71;19;21;19;0
32465;1002;48;19;21;19;0
32466;981;48;19;21;19;0
32467;960;48;19;21;19;0
32473;939;48;19;21;19;0
32477;918;48;19;21;19;0
32479;897;48;19;21;19;0
32487;85;71;19;21;19;0
32493;876;48;19;21;19;0
32500;836;48;18;21;19;0
32536;815;48;19;21;19;0
32544;794;48;19;21;19;0
32622;775;48;17;21;19;1
32650;754;48;19;21;19;0
32654;735;48;17;21;19;1
32701;715;48;18;21;19;0
32709;694;48;19;21;19;0
32763;674;48;18;21;19;0
32764;654;48;18;21;19;1
32769;356;163;18;21;19;0
32771;426;186;18;21;19;0
32773;446;186;18;21;19;0
32780;466;186;18;21;19;0
32784;164;324;18;21;19;1
32791;143;324;19;21;19;0
32819;124;324;17;21;19;1
32822;104;324;18;21;19;0
32842;83;324;19;21;19;0
32852;62;324;19;21;19;0
32858;41;324;19;21;19;0
32874;20;324;19;21;19;0
32905;2;324;16;21;19;2
32908;996;301;19;21;19;0
32922;184;324;19;21;19;0
32928;976;301;18;21;19;0
32929;934;301;19;21;19;0
32933;913;301;19;21;19;0
32937;894;301;17;21;19;0
32938;874;301;18;21;19;0
32943;853;301;19;21;19;0
32946;834;301;17;21;19;1
32960;813;301;19;21;19;0
32961;792;301;19;21;19;0
32963;775;301;15;21;19;2
32972;754;301;19;21;19;0
32982;955;301;19;21;19;0
32988;205;324;18;21;19;0
32993;225;324;18;21;19;0
32999;245;324;19;21;19;0
33016;711;324;18;21;19;0
33021;692;324;17;21;19;1
33026;672;324;18;21;19;0
33030;651;324;19;21;19;0
33033;630;324;19;21;19;0
33039;610;324;18;21;19;0
33041;590;324;18;21;19;0
33050;570;324;18;21;19;0
33073;549;324;19;21;19;0
33080;528;324;19;21;19;0
33086;508;324;18;21;19;0
33100;487;324;19;21;19;0
33104;467;324;18;21;19;0
33129;447;324;18;21;19;0
33136;427;324;18;21;19;0
33151;406;324;19;21;19;0
33152;385;324;19;21;19;0
33192;364;324;19;21;19;0
33258;348;324;14;21;19;3
33267;329;324;17;21;19;1
33298;308;324;19;21;19;0
33324;287;324;19;21;19;0
33337;266;324;19;21;19;0
33351;733;301;19;21;19;0
33391;715;301;16;21;19;3
33392;694;301;19;21;19;0
33394;163;301;18;21;19;0
33402;123;301;17;21;19;1
33410;104;301;17;21;19;1
33426;83;301;19;21;19;0
33436;64;301;17;21;19;1
33457;43;301;19;21;19;0
33485;23;301;18;21;19;1
33487;2;301;19;21;19;0
33495;986;278;19;21;19;0
33510;967;278;17;21;19;1
33521;948;278;17;21;19;1
33529;142;301;19;21;19;0
33538;927;278;19;21;19;0
33539;886;278;18;21;19;1
33590;865;278;19;21;19;0
33606;846;278;17;21;19;1
33616;826;278;18;21;19;0
33618;805;278;19;21;19;0
33635;786;278;17;21;19;1
33647;765;278;19;21;19;0
33713;745;278;18;21;19;1
33719;726;278;17;21;19;1
33735;705;278;19;21;19;0
33756;906;278;19;21;19;0
33821;183;301;17;21;19;1
33829;426;301;17;21;19;1
33832;202;301;18;21;19;1
33853;652;301;19;21;19;0
33879;631;301;19;21;19;0
33905;611;301;18;21;19;1
34013;590;301;19;21;19;0
34180;571;301;17;21;19;1
34223;550;301;19;21;19;0
34255;529;301;19;21;19;0
34321;508;301;19;21;19;0
34382;487;301;19;21;19;0
34385;466;301;19;21;19;0
34394;673;301;19;21;19;0
34411;445;301;19;21;19;0
34429;407;301;17;21;19;1
34430;386;301;19;21;19;0
34503;365;301;19;21;19;0
34507;344;301;19;21;19;0
34523;323;301;19;21;19;0
34562;302;301;19;21;19;0
34567;282;301;18;21;19;0
34584;262;301;18;21;19;0
34588;243;301;17;21;19;1
34597;222;301;19;21;19;0
34612;731;324;19;21;19;0
34631;752;324;19;21;19;0
34850;773;324;19;21;19;0
34892;794;324;19;21;19;0
34900;307;370;19;21;19;0
34913;286;370;19;21;19;0
34915;265;370;19;21;19;0
34917;244;370;19;21;19;0
34920;224;370;18;21;19;1
34928;203;370;19;21;19;0
34955;184;370;17;21;19;1
34966;164;370;18;21;19;0
34987;143;370;19;21;19;0
34989;123;370;18;21;19;0
35010;328;370;19;21;19;0
35013;104;370;17;21;19;1
35199;64;370;17;21;19;1
35201;43;370;19;21;19;0
35206;23;370;18;21;19;0
35265;2;370;19;21;19;0
35266;989;347;19;21;19;0
35268;968;347;19;21;19;0
35270;947;347;19;21;19;0
35273;927;347;18;21;19;1
35282;909;347;16;21;19;1
35299;888;347;19;21;19;0
35302;83;370;19;21;19;0
35328;349;370;17;21;19;1
35465;368;370;19;21;19;0
35686;389;370;19;21;19;0
35745;868;370;19;21;19;0
35746;847;370;19;21;19;0
35748;826;370;19;21;19;0
35752;805;370;19;21;19;0
35753;786;370;17;21;19;1
35757;766;370;18;21;19;0
35758;745;370;19;21;19;0
35760;724;370;19;21;19;0
35766;703;370;19;21;19;0
35768;682;370;19;21;19;0
35770;661;370;19;21;19;0
35773;640;370;19;21;19;0
35774;619;370;19;21;19;0
35775;598;370;19;21;19;0
35776;578;370;18;21;19;1
35777;557;370;19;21;19;0
35781;536;370;19;21;19;0
35782;515;370;19;21;19;0
35785;494;370;19;21;19;0
35793;473;370;19;21;19;0
35797;452;370;19;21;19;0
35802;431;370;19;21;19;0
35805;410;370;19;21;19;0
35813;867;347;19;21;19;0
35814;889;370;19;21;19;0
35821;846;347;19;21;19;0
35823;804;347;19;21;19;0
35825;229;347;19;21;19;0
35828;209;347;18;21;19;1
35831;188;347;19;21;19;0
35834;168;347;18;21;19;0
35835;147;347;19;21;19;0
35838;126;347;19;21;19;0
35841;105;347;19;21;19;0
35843;85;347;18;21;19;0
35845;64;347;19;21;19;0
35848;43;347;19;21;19;0
35850;250;347;19;21;19;0
35851;23;347;18;21;19;1
35856;998;324;19;21;19;0
35874;979;324;17;21;19;1
35878;958;324;19;21;19;0
35884;938;324;18;21;19;1
35889;917;324;19;21;19;0
35937;896;324;19;21;19;0
35980;875;324;19;21;19;0
36127;855;324;18;21;19;0
36131;836;324;17;21;19;1
36133;815;324;19;21;19;0
36135;2;347;19;21;19;0
36136;271;347;18;21;19;0
36138;291;347;19;21;19;0
36140;312;347;19;21;19;0
36141;784;347;18;21;19;0
36148;763;347;19;21;19;0
36149;742;347;19;21;19;0
36152;723;347;17;21;19;1
36153;703;347;18;21;19;0
36164;683;347;18;21;19;1
36171;662;347;19;21;19;0
36172;641;347;19;21;19;0
36175;622;347;17;21;19;1
36182;601;347;19;21;19;0
36186;580;347;19;21;19;0
36187;559;347;19;21;19;0
36194;538;347;19;21;19;0
36208;518;347;18;21;19;1
36215;497;347;19;21;19;0
36229;476;347;19;21;19;0
36234;457;347;17;21;19;1
36259;436;347;19;21;19;0
36275;417;347;17;21;19;1
36276;396;347;19;21;19;0
36291;375;347;19;21;19;0
36299;354;347;19;21;19;0
36305;333;347;19;21;19;0
36319;684;278;19;21;19;0
36335;825;347;19;21;19;0
36339;663;278;19;21;19;0
36386;594;255;19;21;19;0
36393;959;209;19;21;19;0
36394;938;209;19;21;19;0
36424;917;209;19;21;19;0
36454;897;209;18;21;19;0
36481;876;209;19;21;19;0
36523;856;209;18;21;19;1
36530;835;209;19;21;19;0
36710;815;209;18;21;19;1
36712;794;209;19;21;19;0
36716;774;209;18;21;19;0
36718;980;209;19;21;19;0
36719;753;209;19;21;19;0
36720;711;209;19;21;19;0
36731;691;209;18;21;19;1
36739;670;209;19;21;19;0
36755;649;209;19;21;19;0
36761;628;209;19;21;19;0
36771;607;209;19;21;19;0
36776;586;209;19;21;19;0
36793;565;209;19;21;19;0
36798;544;209;19;21;19;0
36805;523;209;19;21;19;0
36807;732;209;19;21;19;0
36814;1001;209;19;21;19;0
36816;2;232;18;21;19;0
36817;22;232;19;21;19;0
36820;500;232;19;21;19;0
36824;479;232;19;21;19;0
36825;459;232;18;21;19;0
36827;438;232;19;21;19;0
36828;417;232;19;21;19;0
36829;396;232;19;21;19;0
36830;375;232;19;21;19;0
36831;354;232;19;21;19;0
36855;333;232;19;21;19;0
36857;312;232;19;21;19;0
36861;291;232;19;21;19;0
36864;270;232;19;21;19;0
36865;250;232;18;21;19;0
36866;230;232;18;21;19;0
36867;210;232;18;21;19;0
36873;190;232;18;21;19;1
36880;169;232;19;21;19;0
36882;148;232;19;21;19;0
36884;127;232;19;21;19;0
36887;106;232;19;21;19;0
36890;85;232;19;21;19;0
36893;64;232;19;21;19;0
36895;43;232;19;21;19;0
36896;502;209;19;21;19;0
36920;481;209;19;21;19;0
36935;462;209;17;21;19;1
36941;956;186;19;21;19;0
36947;914;186;19;21;19;0
36951;893;186;19;21;19;0
36981;873;186;18;21;19;0
36991;852;186;19;21;19;0
37027;831;186;19;21;19;0
37030;811;186;18;21;19;1
37034;791;186;18;21;19;0
37038;772;186;17;21;19;1
37051;751;186;19;21;19;0
37096;731;186;18;21;19;1
37117;935;186;19;21;19;0
37145;710;186;19;21;19;0
37197;670;186;19;21;19;0
37202;650;186;18;21;19;0
37226;629;186;19;21;19;0
37239;609;186;18;21;19;1
37240;588;186;19;21;19;0
37266;567;186;19;21;19;0
37319;546;186;19;21;19;0
37321;526;186;18;21;19;0
37322;505;186;19;21;19;0
37324;486;186;17;21;19;1
37325;691;186;17;21;19;1
37326;977;186;19;21;19;0
37327;196;209;18;21;19;0
37329;998;186;19;21;19;0
38035;421;209;18;21;19;0
38047;401;209;18;21;19;0
38053;382;209;17;21;19;0
38062;362;209;18;21;19;0
38065;341;209;19;21;19;0
38075;321;209;18;21;19;0
38112;300;209;19;21;19;0
38145;279;209;19;21;19;0
38155;258;209;19;21;19;0
38160;237;209;19;21;19;0
38169;441;209;19;21;19;0
38190;216;209;19;21;19;0
38191;176;209;18;21;19;0
38215;155;209;19;21;19;0
38236;134;209;19;21;19;0
38271;115;209;17;21;19;1
38376;96;209;17;21;19;1
38378;78;209;16;21;19;2
38381;59;209;17;21;19;1
38382;40;209;17;21;19;1
38383;21;209;17;21;19;1
38386;2;209;17;21;19;1
38388;521;232;17;21;19;1
38391;540;232;17;21;19;1
38393;559;232;17;21;19;1
38395;578;232;17;21;19;1
38420;62;278;17;21;19;1
38431;42;278;18;21;19;1
38449;22;278;18;21;19;1
38450;2;278;18;21;19;1
38451;994;255;17;21;19;1
38452;975;255;17;21;19;1
38453;956;255;17;21;19;1
38459;936;255;18;21;19;1
38468;916;255;18;21;19;1
38469;896;255;18;21;19;1
38476;81;278;17;21;19;1
38477;876;255;18;21;19;1
38480;836;255;18;21;19;1
38491;816;255;18;21;19;1
38497;796;255;18;21;19;1
38498;776;255;18;21;19;1
38500;756;255;18;21;19;1
38505;736;255;18;21;19;1
38519;715;255;19;21;19;0
38543;695;255;18;21;19;1
38544;675;255;18;21;19;1
38548;656;255;17;21;19;1
38556;856;255;18;21;19;1
38567;100;278;18;21;19;1
38590;120;278;19;21;19;0
38596;141;278;19;21;19;0
38598;600;278;19;21;19;0
38613;579;278;19;21;19;0
38634;560;278;17;21;19;1
38656;541;278;17;21;19;1
38663;522;278;17;21;19;1
38665;503;278;17;21;19;1
38712;484;278;17;21;19;1
38738;465;278;17;21;19;1
38745;444;278;19;21;19;0
38750;425;278;17;21;19;1
38752;406;278;17;21;19;1
38754;387;278;17;21;19;1
38899;368;278;17;21;19;1
39030;347;278;19;21;19;0
39033;327;278;18;21;19;0
39034;306;278;19;21;19;0
39035;286;278;18;21;19;0
39037;265;278;19;21;19;0
39038;245;278;18;21;19;0
39039;224;278;19;21;19;0
39044;204;278;18;21;19;1
39046;183;278;19;21;19;0
39057;162;278;19;21;19;0
39063;636;255;18;21;19;0
39064;621;278;19;21;19;0
39068;615;255;19;21;19;0
39069;574;255;18;21;19;0
39118;21;255;19;21;19;0
39134;2;255;17;21;19;1
39135;984;232;19;21;19;0
39184;963;232;19;21;19;0
39269;942;232;19;21;19;0
39274;922;232;18;21;19;0
39277;901;232;19;21;19;0
39278;880;232;19;21;19;0
39280;860;232;18;21;19;0
39281;839;232;19;21;19;0
39292;42;255;19;21;19;0
39295;818;232;19;21;19;0
39302;778;232;18;21;19;0
39318;759;232;17;21;19;1
39321;740;232;17;21;19;1
39532;721;232;17;21;19;1
39535;701;232;18;21;19;0
39537;680;232;19;21;19;0
39547;660;232;18;21;19;0
39556;639;232;19;21;19;0
39564;618;232;19;21;19;0
39569;597;232;19;21;19;0
39575;798;232;18;21;19;0
39578;63;255;19;21;19;0
39592;84;255;17;21;19;1
39600;103;255;18;21;19;1
39640;555;255;17;21;19;1
39740;535;255;18;21;19;1
39746;514;255;19;21;19;0
39764;493;255;19;21;19;0
40060;474;255;17;21;19;1
40081;453;255;19;21;19;0
40092;432;255;19;21;19;0
40104;411;255;19;21;19;0
40158;390;255;19;21;19;0
40479;370;255;18;21;19;0
40481;349;255;19;21;19;0
40511;328;255;19;21;19;0
40560;307;255;19;21;19;0
40614;286;255;19;21;19;0
40635;265;255;19;21;19;0
40644;244;255;19;21;19;0
40657;223;255;19;21;19;0
40723;202;255;19;21;19;0
40831;181;255;19;21;19;0
40857;160;255;19;21;19;0
40859;139;255;19;21;19;0
65288;131;255;6;21;19;11
65289;123;255;6;21;19;2
65292;80;554;4;21;19;2
65306;563;738;4;21;19;3
